
1  22  22  11  11  11  11  11  22  11  11  11  11  22  11  22  11  11  11  12  11  22  11  22  11  11  11  11  22  11  11  22  11  22  11  22  22  11  22  22  11  11  11  11  11  11  11  22  11  11  11  22  11  12  11  11  11  11  12  11  22  11  11  11  22  11  11  11  11  11  11  11  11  11  11  11  11  22  11  12  12  11  11  11  22  11  11  22  11  11  22  11  22  22  11  22  11  11  11  11  11  11  11  11  11  11  22  11  22  11  11  11  11  11  22  12  11  11  12  11  11  11  22  22  11  11  11  11  11  12  11  11  11  11  11  11  11  12  11  11  11  11  11  11  11  11  11  22  22  12  22  11  11  12  11  11  11  11  11  11  11  11  22  22  11  22  22  11  12  22  22  22  11  12  11  22  22  11  11  12  22  11  11  12  11  11  11  22  11  11  12  11  11  11  11  11  11  22  22  11  11
2  22  22  11  11  11  11  11  22  11  11  11  11  22  12  22  11  11  11  11  11  22  11  22  11  11  11  11  22  11  11  22  11  22  11  22  22  11  22  22  11  11  11  11  11  11  11  22  11  11  11  22  11  22  11  11  11  11  11  11  22  11  11  11  22  11  11  11  11  11  12  11  11  11  11  11  11  22  11  12  22  11  11  11  22  11  11  22  12  11  22  11  22  22  11  22  11  11  11  11  11  11  11  11  11  12  22  11  22  11  11  11  11  11  22  22  11  11  22  11  11  11  22  22  11  11  12  12  11  11  11  11  11  11  11  11  11  11  11  11  11  11  11  11  11  11  11  22  22  12  22  11  11  11  12  11  11  11  11  11  11  11  22  22  11  22  22  11  11  22  22  22  11  11  11  22  22  11  11  11  22  11  11  11  11  11  11  22  11  11  11  11  11  11  11  11  11  22  22  11  11
3  11  11  22  11  22  22  11  11  22  11  22  22  11  11  11  -1-1  22  22  22  22  11  22  11  11  22  22  22  22  22  22  22  11  11  22  11  11  22  11  11  22  22  22  22  22  11  22  11  22  12  11  11  11  11  22  11  11  22  22  22  11  22  22  11  11  11  12  22  22  22  11  22  22  22  22  22  22  11  22  11  12  22  22  22  11  22  22  11  11  22  11  22  11  11  22  11  22  22  22  22  22  22  11  22  22  11  11  22  11  22  22  22  22  22  11  11  22  22  11  22  11  22  22  11  22  22  11  11  11  22  11  22  22  11  22  22  22  22  22  22  11  22  22  22  22  22  22  11  11  22  11  22  11  22  11  12  11  22  22  22  22  22  11  11  22  11  22  22  22  11  11  11  22  22  22  11  11  22  11  22  11  11  22  22  22  11  22  11  22  11  22  22  11  11  22  11  22  22  22  11  22
4  22  22  12  11  11  11  11  22  11  12  11  11  22  12  12  12  11  11  11  11  22  11  12  11  11  11  11  22  11  11  22  11  22  12  12  22  11  22  22  11  11  11  11  11  11  12  -1-1  11  11  11  22  11  11  12  11  11  11  12  11  12  11  11  11  22  11  11  11  11  11  11  11  11  11  12  11  11  22  11  22  22  12  11  11  22  11  11  22  11  11  22  12  12  12  11  22  11  11  12  11  11  11  12  11  11  11  22  11  12  12  11  11  11  11  12  12  11  11  22  11  11  11  22  22  12  11  12  11  12  11  11  11  11  11  11  11  11  22  11  11  11  12  11  12  11  11  12  22  22  11  22  11  11  12  12  11  11  11  11  11  11  11  22  12  11  22  12  11  11  22  22  22  11  11  11  22  22  11  11  12  22  11  11  12  12  11  12  22  11  11  11  11  11  12  11  22  11  12  12  11  11
5  22  22  12  11  11  11  12  22  11  12  12  11  22  11  22  11  12  11  11  11  22  11  22  11  11  11  11  22  11  11  22  11  22  12  12  22  11  22  22  11  11  11  11  11  11  11  22  11  11  11  22  11  22  11  11  11  11  11  11  22  11  11  11  22  11  11  11  11  11  11  11  11  11  12  11  11  22  11  11  22  11  11  11  22  11  11  22  12  11  22  11  12  12  11  22  11  11  12  11  11  11  11  11  11  12  22  11  22  12  11  11  11  11  22  22  11  11  22  11  11  11  22  22  12  11  11  11  11  11  11  11  11  11  11  11  11  12  11  -1-1  11  12  11  12  11  11  22  22  22  22  12  11  11  11  11  11  11  11  11  11  11  11  22  22  11  22  22  11  11  22  22  22  11  11  11  22  12  11  11  11  22  11  11  11  12  12  11  22  11  11  11  11  11  11  11  11  11  22  22  11  11
6  22  22  11  11  11  11  12  22  11  11  11  11  22  22  22  11  11  11  11  11  22  11  22  11  11  11  11  12  11  11  11  11  22  11  22  22  11  22  22  11  11  11  11  11  11  11  22  11  11  22  22  11  22  11  11  11  11  11  11  22  11  11  12  22  11  11  11  11  11  11  11  11  11  11  11  11  22  11  12  22  11  11  11  22  11  11  22  11  11  22  11  22  22  11  22  -1-1  11  11  11  11  11  11  11  11  22  22  11  22  11  11  11  11  11  22  22  11  11  22  11  11  11  22  22  -1-1  11  12  11  11  11  11  11  11  11  11  11  11  12  11  11  11  11  11  11  11  11  11  22  22  11  22  11  11  11  22  11  11  11  11  11  11  11  22  22  11  22  22  11  12  22  22  22  11  11  11  22  22  11  11  11  22  11  11  11  11  11  11  22  11  11  11  11  11  11  11  11  11  22  22  11  11
7  22  22  11  11  11  11  11  22  11  11  11  11  22  11  22  11  11  11  11  11  22  11  22  11  11  11  11  22  11  11  22  11  22  11  22  22  11  22  22  11  11  11  11  11  11  11  22  11  11  11  22  11  22  11  11  11  11  11  11  22  11  11  11  22  11  11  11  11  11  11  12  11  11  11  11  11  22  11  12  22  11  11  11  22  11  11  22  12  11  22  11  22  22  11  22  11  11  11  11  11  11  11  11  11  12  22  11  22  11  11  11  11  11  22  22  11  11  22  11  11  11  22  22  11  11  12  11  11  11  11  11  11  11  11  11  11  11  11  11  11  11  11  11  11  11  11  22  22  22  12  11  11  11  12  11  11  11  11  11  11  11  22  22  11  22  22  11  11  22  22  22  11  11  11  22  22  11  11  11  22  11  11  11  11  22  11  22  11  11  11  11  11  11  11  12  11  22  22  11  11
8  22  22  11  11  11  11  11  22  11  11  11  11  22  22  22  11  11  11  11  11  -1-1  11  22  11  11  11  11  22  11  11  11  11  22  11  22  22  11  22  22  11  11  11  11  11  11  11  22  11  11  12  22  11  -1-1  11  11  11  11  11  11  22  11  11  12  22  11  11  11  11  11  11  11  11  11  11  11  11  22  11  11  22  11  11  11  22  11  11  22  11  11  22  11  22  22  11  22  11  12  11  11  11  11  11  11  11  12  22  11  22  11  11  11  11  11  22  22  11  11  22  11  11  11  22  22  -1-1  11  11  11  11  11  11  11  11  11  11  11  11  22  11  11  11  11  11  11  11  11  11  22  22  22  22  11  11  11  11  11  11  11  11  11  11  11  22  22  11  22  22  11  11  22  22  22  11  11  11  22  22  11  11  11  22  11  11  11  11  11  11  22  11  11  11  11  11  11  11  11  11  22  22  11  11
9  22  22  11  11  11  11  12  22  11  11  11  11  22  12  22  11  11  11  11  11  22  11  22  11  11  11  11  22  11  11  22  11  22  11  22  22  11  22  22  11  11  11  11  11  11  11  22  11  11  11  22  11  22  11  11  11  11  11  11  22  11  11  12  22  11  11  11  11  11  12  11  11  11  11  11  11  22  11  22  22  11  11  11  22  11  11  22  22  11  22  11  22  22  11  22  11  11  11  11  11  11  11  11  11  12  22  11  22  11  11  11  11  12  22  -1-1  11  11  22  11  11  11  22  22  11  11  12  11  11  11  11  11  11  11  11  11  11  11  11  11  11  11  11  11  11  11  11  22  22  11  22  11  11  11  12  11  11  11  11  11  11  11  22  22  11  22  22  11  11  22  22  22  11  11  11  22  22  11  11  11  22  11  11  11  11  12  11  22  11  11  11  11  11  11  11  11  11  22  22  11  11
10  11  12  12  11  22  22  11  11  11  11  22  12  12  11  11  22  12  12  12  22  11  22  12  12  12  22  12  22  22  22  -1-1  12  12  12  11  11  22  11  11  22  22  22  12  22  11  22  12  22  11  11  11  22  11  22  11  11  22  22  12  11  12  11  11  12  11  22  22  22  22  11  22  22  22  12  12  22  11  22  11  11  22  12  22  11  12  12  11  11  22  11  22  12  22  22  11  12  22  12  22  22  12  22  22  12  11  11  22  12  22  22  12  12  12  11  11  12  22  11  22  11  22  22  11  11  22  11  11  22  22  11  22  22  11  11  22  22  12  22  22  11  12  22  12  11  22  12  11  11  22  11  22  11  22  11  12  11  22  11  22  -1-1  22  12  11  22  11  11  22  22  11  11  11  22  22  12  11  12  12  11  22  12  11  22  22  12  12  22  11  12  11  22  22  11  22  12  11  22  11  11  11  22
11  22  22  11  11  11  11  12  -1-1  11  11  11  11  22  22  22  11  -1-1  11  11  11  22  11  22  11  11  11  11  22  11  11  11  11  22  11  22  22  11  22  22  11  11  11  11  11  11  11  22  11  11  22  22  11  22  11  11  11  11  11  11  22  11  11  12  22  11  11  11  11  11  11  11  11  11  11  -1-1  11  22  11  11  22  11  11  11  22  11  11  22  11  11  22  11  22  22  11  22  11  11  11  11  11  11  11  11  11  12  22  11  22  11  11  11  11  11  22  22  11  11  22  11  11  11  22  22  11  11  12  11  11  11  11  11  11  11  11  11  11  11  11  11  11  11  11  11  11  11  11  22  22  22  22  11  11  11  12  11  11  11  11  11  11  11  22  22  11  22  22  11  12  22  22  22  11  11  11  22  22  11  11  11  22  11  11  11  11  11  11  22  11  11  11  11  11  11  11  11  11  22  22  11  11
12  12  12  22  12  12  12  11  11  12  12  22  22  12  11  11  12  22  22  22  12  11  12  11  12  22  22  22  22  12  12  22  22  12  22  11  12  12  11  11  12  12  11  12  12  11  22  12  12  11  11  11  12  11  22  11  11  12  12  12  11  12  22  11  12  11  22  22  12  12  11  22  12  12  22  12  12  12  12  11  11  22  12  12  12  12  22  12  11  22  11  12  11  11  22  12  22  12  22  22  12  12  12  22  12  11  11  12  11  22  12  12  12  12  12  12  12  12  11  12  11  22  22  11  22  12  12  11  12  12  12  12  12  11  12  12  12  22  12  22  11  22  12  22  22  12  22  11  11  22  11  12  11  12  11  22  11  12  22  12  12  12  12  12  22  12  12  12  22  11  12  12  12  12  12  11  11  22  11  22  12  11  12  12  22  11  12  12  12  11  22  22  11  12  22  11  22  12  12  22  22
13  22  22  11  11  11  11  11  22  11  11  11  11  12  11  22  11  11  12  11  11  22  11  22  11  11  11  12  22  12  11  22  11  22  11  12  12  11  22  22  11  12  11  12  11  11  11  22  11  11  11  12  11  22  11  11  11  12  11  12  22  12  11  11  22  11  12  11  11  11  11  11  11  11  11  12  12  22  11  11  12  11  12  11  22  11  11  22  12  11  22  11  22  22  11  22  12  11  11  11  11  11  11  11  11  11  22  11  22  11  11  11  12  11  22  -1-1  11  12  22  11  11  11  22  22  11  12  12  11  11  11  11  11  12  11  11  11  12  12  11  11  11  11  11  11  11  11  11  22  22  22  22  11  11  11  11  11  11  11  11  11  11  11  12  22  11  22  22  11  12  22  22  12  11  11  11  22  22  11  11  11  12  11  11  11  11  11  11  12  11  11  11  11  11  11  11  22  11  22  22  12  11
14  22  22  11  11  11  11  12  22  12  12  11  11  12  11  22  11  12  11  11  11  22  11  11  11  11  11  11  22  11  11  22  11  22  12  22  22  11  22  22  11  11  11  12  11  11  11  22  11  11  11  22  11  22  11  11  11  11  11  11  22  11  12  11  12  11  11  11  11  11  11  11  11  11  11  11  11  22  11  12  12  11  11  11  22  11  11  22  11  11  22  12  22  12  11  22  11  11  11  11  11  11  11  11  11  12  22  11  22  11  11  12  11  11  22  22  12  11  22  11  11  11  22  22  12  11  12  11  11  12  11  11  12  11  12  12  11  11  11  11  11  12  11  11  12  11  11  22  12  12  12  11  11  11  11  11  11  11  12  11  11  11  12  22  11  22  22  11  11  22  22  22  11  12  12  22  22  11  11  11  22  11  11  11  11  11  11  22  12  11  11  11  11  11  11  11  11  22  22  11  11
15  11  11  22  11  22  22  11  11  22  11  12  22  11  11  11  22  22  22  22  22  11  22  11  12  22  22  22  22  22  22  22  22  11  22  22  11  22  11  11  22  22  22  22  22  -1-1  22  11  22  11  11  11  12  11  22  11  11  22  22  22  11  22  22  11  11  11  12  22  22  22  11  22  22  22  12  22  22  11  22  11  12  22  12  22  11  22  22  11  12  22  11  22  12  11  22  11  22  22  12  22  22  11  22  22  22  11  11  22  12  12  22  22  22  22  11  11  22  22  12  22  11  22  22  11  22  22  11  11  22  22  11  22  12  11  22  22  22  22  22  22  11  22  22  22  22  22  22  11  11  22  11  22  11  22  11  22  11  22  22  22  22  22  11  11  22  11  11  22  22  12  11  11  22  22  22  11  12  22  11  22  11  11  22  22  22  11  22  11  22  11  22  22  11  22  12  11  22  11  12  11  22
16  11  11  22  11  22  22  11  11  22  11  22  22  11  11  11  22  22  22  22  22  11  22  11  11  22  22  22  22  22  22  22  22  11  22  11  11  22  11  11  22  22  -1-1  22  22  11  22  11  22  11  11  11  12  11  22  11  11  22  22  22  11  22  12  11  11  11  12  -1-1  22  22  11  22  22  22  22  22  22  12  22  11  11  22  22  22  11  22  22  11  11  22  11  22  11  11  22  11  22  22  22  22  22  12  12  22  22  11  11  22  11  22  22  22  22  22  11  11  22  22  11  22  11  22  22  11  22  22  11  11  12  22  11  22  22  11  22  22  22  22  22  22  11  22  22  22  22  22  22  11  12  22  11  22  11  22  11  22  11  22  22  22  22  22  11  11  22  11  12  22  22  11  11  11  22  22  22  11  11  22  11  22  11  11  22  22  22  11  22  11  22  11  22  22  11  11  22  11  22  11  12  -1-1  22
17  11  11  22  11  22  22  11  11  22  11  22  22  11  11  11  22  22  22  22  22  11  -1-1  11  11  22  22  22  22  22  22  22  22  11  22  11  11  22  11  11  22  22  22  22  22  11  22  11  22  11  11  11  -1-1  11  22  11  11  22  22  22  11  22  22  -1-1  11  11  12  22  22  22  11  22  22  22  22  22  22  11  22  11  11  22  22  22  11  22  22  11  11  22  11  22  11  11  22  12  22  12  22  22  22  12  22  22  22  11  11  22  11  22  22  22  22  22  11  11  22  22  11  22  11  22  22  11  22  22  11  11  22  22  12  22  22  11  22  22  22  22  22  12  11  22  22  22  22  22  22  12  11  22  11  22  11  22  11  22  11  22  22  22  22  22  11  11  22  11  11  22  22  12  11  11  22  22  22  11  11  22  11  22  11  11  22  22  22  11  22  11  22  11  22  22  11  22  22  11  22  11  11  22  22
18  11  11  22  11  22  22  11  11  22  11  22  22  11  11  12  22  22  22  12  22  11  22  11  12  22  22  22  22  22  22  22  22  11  22  11  11  22  12  11  22  22  22  22  22  11  12  11  22  11  11  11  22  11  22  11  11  22  22  22  12  22  22  11  11  12  12  22  22  22  11  22  22  22  22  22  22  11  22  11  11  22  22  22  11  22  22  11  11  22  11  22  11  11  22  11  22  22  22  22  22  22  -1-1  22  22  11  11  22  11  22  22  22  22  22  11  11  22  22  11  22  11  22  22  11  22  22  11  11  22  22  11  22  22  11  22  22  22  22  22  22  11  22  22  22  22  22  22  11  12  22  11  22  11  22  11  22  11  12  22  22  12  22  11  11  22  11  11  22  22  11  11  11  22  22  22  11  11  22  11  22  11  11  22  22  22  11  22  11  22  11  22  22  11  22  22  11  22  11  11  22  22
19  22  22  11  11  11  11  22  22  11  11  11  11  22  22  22  11  11  11  11  11  22  11  22  11  11  11  11  12  11  11  11  11  22  11  22  22  11  22  22  11  11  11  11  11  11  11  22  11  11  12  22  11  22  11  11  11  11  11  11  22  11  11  12  22  11  11  11  11  11  11  11  11  11  11  11  11  22  11  11  22  11  11  11  22  11  11  22  11  11  22  11  22  22  11  22  11  12  11  11  11  11  11  11  11  12  22  11  22  11  11  11  11  11  22  22  11  11  22  11  11  11  22  22  -1-1  11  12  11  11  11  11  11  11  11  11  11  11  12  -1-1  11  11  11  11  11  11  11  11  22  22  11  12  11  11  11  11  11  11  11  11  11  11  11  22  22  11  22  22  11  11  22  22  22  11  11  11  22  22  11  11  11  22  11  11  11  11  11  11  22  11  11  11  11  11  11  11  11  11  22  22  11  11
20  11  12  22  11  22  22  11  11  12  11  22  22  11  11  11  22  22  22  22  22  11  22  11  12  22  22  22  22  22  22  22  22  11  22  11  11  22  11  11  22  22  22  22  22  11  22  11  22  11  11  11  22  11  22  11  11  22  12  22  11  22  12  11  11  11  12  22  22  22  11  22  22  22  22  22  22  12  22  11  11  22  12  12  11  22  22  11  11  22  11  22  11  12  22  11  22  22  22  22  22  22  22  22  22  11  11  22  11  22  22  22  22  22  12  12  22  22  11  22  11  22  22  11  12  22  11  11  22  22  12  22  22  11  12  22  22  22  22  22  11  22  22  22  11  22  22  11  12  22  11  22  11  12  11  22  11  22  12  22  22  22  11  11  22  11  11  22  22  11  11  11  22  22  22  11  11  12  11  12  11  11  22  12  22  11  22  11  22  11  22  22  11  22  22  11  22  11  11  11  22
21  22  22  11  11  11  11  12  22  11  11  11  11  22  22  22  11  11  11  11  11  22  11  22  11  11  11  11  22  11  11  11  11  22  11  22  22  11  22  22  11  11  11  11  11  11  11  22  11  11  11  22  11  22  11  11  11  11  11  11  22  11  11  12  22  11  11  11  11  11  11  11  11  11  11  11  11  22  11  11  22  11  11  11  22  11  11  22  11  11  22  11  22  22  11  22  11  11  11  11  11  11  11  11  11  12  22  11  22  11  11  11  11  11  22  22  11  11  22  11  11  11  22  22  11  11  22  11  11  11  11  11  11  11  11  11  11  22  11  11  11  11  11  11  11  11  11  22  22  12  22  11  11  11  11  11  11  11  11  11  11  11  22  22  11  22  22  11  12  22  22  22  11  11  11  22  22  11  11  11  22  11  11  11  11  11  11  22  11  11  11  11  11  11  11  11  11  22  12  11  11
22  22  22  11  11  11  11  11  22  11  11  11  11  22  22  22  11  11  11  11  11  22  11  22  11  11  11  11  22  11  11  22  11  22  11  22  22  11  22  22  11  11  11  11  11  11  11  22  11  11  11  22  11  22  11  11  11  11  11  11  22  11  11  11  22  11  11  11  11  11  22  11  11  11  11  11  11  22  11  12  22  11  11  11  22  12  11  22  11  11  22  11  22  22  11  22  11  11  11  11  11  11  11  11  11  22  22  11  22  11  11  11  11  12  22  -1-1  11  11  22  11  11  11  22  22  11  11  22  11  11  11  11  11  11  11  11  11  11  11  11  11  11  11  11  11  11  11  11  22  22  11  22  11  11  11  12  11  11  11  11  11  11  11  22  22  11  22  22  11  11  22  22  22  11  11  11  22  22  11  11  11  22  11  11  11  11  11  11  22  11  11  11  11  11  11  11  11  11  22  22  11  11
23  22  12  11  11  11  11  12  22  11  11  11  12  22  11  22  11  12  11  12  11  12  11  12  11  12  11  11  22  11  12  22  11  22  12  22  22  11  22  22  11  11  11  11  11  11  11  22  11  11  11  22  12  22  11  11  11  11  12  11  22  11  11  11  22  12  11  11  11  11  11  11  11  11  11  11  11  22  12  12  22  11  11  11  12  11  12  12  22  11  22  11  22  22  11  22  11  11  12  11  11  12  12  11  11  11  22  12  22  11  12  11  11  11  22  22  11  11  22  12  11  11  22  22  11  11  11  11  12  12  11  11  11  11  11  12  11  11  11  11  11  12  12  11  11  11  11  22  12  22  11  12  11  12  12  11  11  11  11  12  11  12  22  22  11  22  12  11  11  22  22  22  12  11  11  22  22  11  11  12  22  11  12  12  11  12  11  22  11  11  11  11  12  11  11  12  11  12  12  11  11
24  22  22  11  11  11  11  11  22  11  11  11  11  22  22  22  11  11  11  11  11  22  11  22  11  11  11  11  22  11  11  22  11  22  11  22  22  11  22  22  11  11  11  11  11  11  11  22  11  11  12  22  11  22  11  11  11  11  11  11  22  11  11  11  22  11  11  11  11  11  12  11  11  11  11  11  11  22  11  12  22  11  11  11  22  11  11  22  22  11  22  11  22  22  11  22  11  11  11  11  11  11  11  11  11  22  22  11  22  11  11  11  11  11  22  22  11  11  22  11  11  11  22  22  11  11  11  11  11  11  11  11  11  11  11  11  11  11  11  11  11  11  11  11  11  11  11  22  22  11  12  11  11  11  12  11  11  11  11  11  11  11  22  22  11  22  22  11  11  22  22  22  11  11  11  22  22  11  11  11  22  11  11  11  11  11  11  22  11  11  11  11  11  11  11  11  11  22  22  11  11
25  22  12  12  11  12  12  11  22  11  11  12  11  22  11  22  11  11  11  11  11  22  11  22  12  11  11  12  22  11  11  22  22  22  12  22  22  11  22  12  11  11  11  11  12  11  11  -1-1  11  11  11  22  11  22  12  11  11  12  11  11  22  11  11  12  22  11  11  11  11  11  -1-1  12  11  11  11  11  11  12  12  12  22  12  11  12  22  11  11  22  22  12  22  11  22  12  22  22  11  11  11  11  11  11  12  11  11  11  22  11  12  11  11  22  11  11  22  12  12  11  22  12  11  11  22  22  12  11  11  11  12  12  11  11  11  11  11  12  11  12  11  11  11  12  11  12  12  11  12  22  11  22  11  12  11  11  12  12  11  11  12  12  11  12  22  22  11  22  12  11  11  22  22  22  11  12  11  22  22  11  11  11  12  11  11  11  12  11  11  22  12  11  11  11  11  12  11  12  11  22  22  11  11
26  22  22  11  11  11  11  22  -1-1  11  11  11  11  22  22  22  11  11  11  11  11  22  11  22  11  11  11  11  22  11  11  11  11  22  11  22  22  11  22  22  11  11  11  11  11  11  11  22  11  11  22  22  11  22  11  11  11  11  11  11  22  11  11  12  22  11  11  11  11  11  11  11  11  11  11  11  11  22  11  11  22  11  11  11  22  11  11  22  11  11  22  11  22  22  -1-1  22  11  11  11  11  11  11  11  11  11  22  22  11  22  11  11  11  -1-1  11  22  22  11  11  22  11  11  11  22  22  11  11  12  11  11  11  11  11  11  11  11  11  11  12  11  11  11  11  11  11  11  11  11  22  22  12  12  11  11  11  11  11  11  11  11  11  11  11  22  22  11  22  22  11  11  22  22  22  11  11  11  22  22  11  11  11  22  11  11  11  11  11  11  22  11  11  11  11  11  11  11  11  11  22  22  11  11
27  11  11  22  11  22  22  11  11  22  11  22  22  11  11  11  22  22  22  22  22  11  22  11  11  22  22  22  22  22  22  22  22  11  22  11  11  22  11  11  22  22  22  22  22  11  22  11  22  11  11  11  22  11  22  11  11  22  22  22  11  22  12  11  11  11  12  22  22  22  11  22  22  22  22  22  22  11  22  11  11  22  22  22  11  22  22  11  11  22  11  22  11  11  22  11  22  22  22  22  22  12  22  22  22  11  11  22  11  22  22  22  22  22  11  11  22  22  11  22  11  22  22  11  22  22  11  11  22  22  12  22  12  11  22  22  22  22  22  22  11  22  22  22  22  22  22  11  11  22  11  22  11  22  11  22  11  22  22  22  22  22  11  11  -1-1  11  11  22  22  11  11  11  22  22  22  11  11  -1-1  11  22  11  11  22  22  22  11  22  11  22  11  22  22  11  22  22  11  22  11  11  22  22
28  11  12  12  11  22  11  11  22  12  11  12  12  12  11  12  11  12  12  12  22  12  22  12  11  12  12  22  -1-1  22  22  22  11  22  12  12  11  22  12  22  12  22  22  12  12  11  12  12  22  11  11  12  12  22  11  12  11  12  11  12  12  12  11  11  12  11  12  12  22  22  11  12  11  11  12  12  22  12  12  11  12  11  12  12  11  12  12  12  11  11  22  11  12  12  11  11  12  22  12  11  22  22  12  12  12  11  12  12  11  12  22  12  12  11  12  22  12  22  22  12  11  11  22  12  12  22  11  11  12  12  11  11  12  11  12  22  22  12  22  22  11  12  22  12  12  22  22  11  12  22  12  22  11  11  11  11  11  22  12  12  22  22  12  12  11  12  12  22  12  11  11  11  12  12  12  11  12  12  11  11  12  11  22  11  12  11  12  11  12  11  12  22  11  11  11  11  11  12  12  11  12
29  22  22  11  11  11  11  12  22  11  12  11  11  22  11  22  11  11  12  11  11  22  11  22  11  11  11  11  22  11  12  22  11  22  11  22  22  11  22  22  11  11  11  11  11  11  11  22  11  11  12  22  11  22  11  11  11  11  11  11  22  11  11  12  22  11  12  11  11  11  11  11  11  11  11  11  11  22  11  12  12  11  11  11  22  11  11  22  12  11  22  11  22  22  11  22  11  11  11  11  11  11  11  11  11  12  22  11  22  12  11  11  11  12  22  22  11  11  22  11  11  12  22  22  11  11  12  11  11  12  11  11  11  11  11  11  11  11  11  11  11  11  12  11  11  11  11  22  22  12  22  11  11  11  11  11  11  11  11  11  11  11  22  22  11  22  22  11  11  22  22  22  11  11  11  22  22  11  11  11  22  11  12  11  11  22  11  22  11  11  11  11  11  11  11  12  12  22  22  11  11
30  22  22  11  11  12  11  12  22  11  11  11  11  22  11  22  11  11  12  11  11  22  11  22  11  11  11  11  22  11  11  22  11  22  11  22  22  11  22  22  11  11  12  11  11  11  11  22  11  11  11  22  11  22  11  11  11  11  11  11  22  11  11  11  22  11  11  11  11  11  11  11  11  11  11  11  11  22  11  22  12  11  12  11  12  11  11  22  12  11  22  11  22  22  11  22  11  11  11  11  11  11  11  11  11  12  22  11  22  12  12  11  11  12  22  22  11  11  22  11  11  12  22  22  11  11  22  11  11  11  11  11  12  11  11  12  11  11  12  11  12  11  11  11  11  11  11  22  22  12  22  11  11  11  11  11  11  11  11  11  11  11  22  22  11  22  22  12  11  22  22  22  11  11  11  22  22  11  11  11  22  11  11  11  11  11  11  22  11  11  11  11  11  11  11  11  12  22  22  11  11
31  11  12  22  11  22  22  11  11  22  11  22  22  11  11  11  22  22  22  12  22  12  22  12  11  22  22  22  -1-1  22  22  22  12  11  22  11  11  22  11  11  22  22  22  22  22  11  12  11  12  11  11  11  22  11  22  11  11  22  22  22  11  22  22  -1-1  11  11  11  22  22  22  11  22  22  22  22  22  22  11  12  11  11  22  22  22  11  22  22  12  11  22  11  22  11  11  22  11  22  22  22  22  22  12  22  22  22  11  11  12  11  22  22  22  -1-1  22  11  11  22  22  11  12  11  22  22  11  22  22  11  11  22  22  12  22  11  11  22  22  22  22  22  22  11  22  22  22  -1-1  22  22  11  12  22  12  22  11  22  11  12  11  12  22  12  11  22  11  11  22  12  11  22  22  11  11  11  12  22  22  11  11  -1-1  11  22  11  11  22  22  22  12  22  11  22  11  22  22  11  22  12  11  22  11  11  22  22
32  22  22  11  11  11  -1-1  11  22  11  11  11  11  22  12  22  11  11  11  11  11  22  11  22  11  11  11  11  22  11  11  22  11  22  11  22  22  11  22  22  11  11  11  11  11  11  11  22  11  11  11  22  11  22  11  11  11  11  11  11  22  11  11  11  22  11  11  11  11  11  12  11  11  11  11  11  11  22  11  12  22  11  11  11  22  11  11  22  12  11  22  11  22  22  11  22  11  11  11  11  11  11  11  11  11  12  22  11  22  11  11  11  11  11  22  22  11  11  22  11  11  11  22  22  11  11  11  11  11  11  11  11  11  11  11  11  11  11  11  12  11  11  11  11  11  11  11  22  22  11  22  11  11  11  11  11  11  11  11  11  11  11  22  22  11  22  22  11  11  22  22  22  11  11  11  22  22  11  11  11  22  11  11  11  11  12  11  22  11  11  11  11  11  11  11  11  11  22  22  11  11
33  11  22  11  11  12  11  12  22  11  11  11  11  22  12  22  12  11  12  11  12  22  11  22  11  11  12  11  22  12  11  22  12  22  11  22  12  12  12  12  11  12  12  12  11  -1-1  11  22  11  11  11  22  11  22  12  11  11  11  11  11  22  11  11  11  22  11  11  22  12  12  11  11  11  11  11  11  12  11  11  12  22  11  11  22  12  11  11  22  11  11  12  22  22  22  11  12  11  11  11  12  12  12  -1-1  12  11  11  12  11  12  22  12  11  11  11  22  22  11  12  12  11  11  11  22  12  11  12  11  11  12  11  11  11  12  11  11  12  12  11  12  12  11  11  11  11  11  12  11  12  22  22  11  11  11  11  11  12  12  12  11  11  12  11  12  12  11  22  12  12  11  12  12  12  11  11  12  11  22  12  11  11  22  11  11  11  11  12  12  12  11  11  11  11  11  11  12  11  11  22  22  11  22
34  11  11  22  11  12  22  11  11  22  11  22  22  11  11  11  22  22  22  22  22  11  22  11  12  22  22  22  22  22  22  22  22  11  22  11  11  22  11  11  22  22  22  22  22  11  22  11  22  12  11  11  22  11  22  11  11  22  22  22  11  22  12  11  11  11  22  22  22  22  11  22  22  22  22  22  22  11  22  11  12  22  22  22  11  22  22  11  11  22  11  22  11  11  22  11  22  12  22  22  22  22  22  22  22  11  11  22  11  22  22  22  22  22  11  11  22  22  11  22  11  22  22  11  22  22  11  11  22  22  11  22  12  11  22  12  22  22  22  22  11  22  22  22  22  22  22  11  11  22  11  12  11  22  11  22  11  22  22  22  22  12  11  11  22  11  11  22  22  11  11  11  22  22  22  11  11  22  11  22  11  11  22  22  22  11  22  11  22  11  22  22  11  22  22  11  22  11  11  -1-1  22
35  12  12  11  11  12  12  11  22  12  11  12  12  12  11  12  11  12  12  22  22  12  22  22  11  12  11  22  22  22  12  22  12  22  11  12  11  12  12  22  11  22  12  12  12  11  12  22  22  11  11  12  11  12  11  11  11  12  11  11  12  12  11  11  12  11  11  11  12  22  11  11  11  11  12  12  22  12  12  12  12  12  22  12  12  12  12  12  11  12  12  11  12  22  12  12  12  22  11  12  12  22  11  11  12  11  22  12  11  12  12  11  11  12  12  12  11  22  22  12  11  11  22  22  11  22  11  11  12  12  11  11  22  11  12  12  22  11  12  22  11  11  12  11  11  12  11  12  22  22  12  12  11  12  11  12  11  12  11  12  11  12  12  22  11  11  12  12  12  11  12  11  12  12  12  22  12  12  11  12  12  11  12  12  11  11  11  11  11  11  12  12  11  12  12  11  11  12  12  11  11
36  11  11  22  11  22  11  11  11  12  11  22  12  12  11  11  12  12  22  12  22  11  22  11  12  12  12  22  22  22  12  22  11  12  22  12  11  22  11  12  22  22  12  12  22  11  22  11  22  11  11  11  22  12  12  11  11  22  12  22  11  12  12  11  12  11  22  12  12  22  11  22  22  22  22  12  22  12  22  11  11  22  22  12  11  12  12  11  11  22  11  12  11  11  22  11  22  12  22  22  22  22  22  12  12  11  12  22  11  22  22  22  22  12  11  11  22  22  11  22  11  12  22  12  22  22  11  11  22  22  12  22  22  11  12  22  22  22  12  22  11  22  22  22  22  22  22  11  11  12  11  22  11  12  11  22  11  12  22  22  12  22  12  12  12  11  11  12  22  11  11  11  22  22  11  11  11  22  11  12  12  11  12  12  22  11  12  11  22  11  22  12  11  22  12  11  12  11  11  11  11
37  22  22  11  11  11  11  11  22  11  11  11  11  22  22  22  11  11  11  11  11  22  11  22  11  11  11  11  22  11  11  11  11  22  11  22  22  11  22  22  11  11  11  11  11  11  11  22  11  11  -1-1  22  11  22  11  11  11  11  11  11  22  11  11  12  22  11  11  11  11  -1-1  11  11  11  11  11  11  11  22  11  11  22  11  11  11  22  11  11  22  11  11  22  11  22  22  11  22  11  11  11  11  11  11  11  11  11  22  22  11  22  11  11  11  11  11  22  22  11  11  22  11  11  11  22  22  11  11  11  11  11  11  11  11  11  11  11  11  11  22  11  11  11  11  11  11  11  11  11  22  22  12  12  11  11  11  11  11  11  11  11  11  11  11  22  22  11  22  22  11  12  22  22  22  11  11  11  22  22  11  11  11  22  11  11  11  11  11  11  22  11  11  11  11  11  11  11  11  11  22  22  11  11
38  22  22  11  11  11  11  22  22  11  12  11  11  22  12  22  11  11  11  11  11  22  11  22  11  11  11  11  22  11  11  22  11  22  11  22  22  11  22  22  11  11  11  11  11  11  11  22  11  11  11  22  11  22  11  11  11  11  11  11  22  11  11  11  22  11  11  11  11  11  22  11  11  11  11  11  11  22  11  22  22  11  11  11  22  11  11  22  11  11  22  11  22  22  11  22  11  11  11  11  11  11  11  11  11  22  22  11  22  11  11  11  11  12  22  22  11  11  22  11  11  11  22  22  11  11  11  11  11  11  11  11  11  11  11  11  11  11  11  11  11  11  11  11  11  11  11  22  22  12  12  11  11  11  22  11  11  11  11  11  11  11  22  22  11  22  22  11  11  22  22  22  11  11  11  22  22  11  11  11  22  11  11  11  11  12  11  22  11  11  11  11  11  11  11  11  11  22  22  11  11
39  11  11  22  11  22  11  11  12  22  11  22  22  11  11  11  22  22  22  12  22  11  22  11  11  22  22  22  22  22  22  22  11  11  22  11  11  22  12  11  22  22  22  22  22  11  22  11  22  12  11  11  12  11  22  11  11  22  22  22  11  22  22  11  11  11  12  22  22  22  11  22  12  12  22  22  22  11  22  11  11  22  22  12  11  22  22  11  11  22  11  22  11  12  22  11  22  22  22  22  22  22  22  22  22  11  11  22  11  22  22  22  22  22  11  11  22  22  11  22  11  12  22  11  12  22  11  11  22  22  11  12  22  11  22  22  22  22  22  22  11  22  22  22  12  22  22  11  11  22  11  22  11  22  11  12  11  22  12  22  22  22  11  11  22  12  11  22  22  11  11  11  22  22  22  11  11  12  11  22  11  11  22  22  22  11  22  11  12  11  12  22  11  11  12  11  12  12  12  11  22
40  22  22  11  11  11  11  12  22  11  11  11  11  22  22  22  11  11  11  11  11  -1-1  11  22  11  11  11  11  22  11  11  11  11  22  11  22  22  11  22  22  11  11  11  11  11  11  11  22  11  11  -1-1  22  11  22  11  11  11  11  11  11  22  11  11  11  22  11  11  11  11  11  11  11  11  11  11  11  11  22  11  11  22  11  11  11  22  11  11  22  11  11  22  11  22  22  11  22  11  11  11  11  11  11  11  11  11  12  22  11  22  11  11  11  11  11  22  22  11  11  22  11  11  11  22  22  11  11  11  11  11  11  11  11  11  11  11  11  11  22  11  11  11  11  11  11  11  11  11  22  22  12  22  11  11  11  22  11  11  11  11  11  11  11  22  22  11  22  22  11  11  22  22  22  11  11  11  22  12  11  11  11  22  11  11  11  11  11  11  22  11  11  11  11  11  11  11  11  11  22  22  11  11
41  22  22  12  11  12  11  12  12  12  11  12  11  12  12  22  12  12  12  11  11  22  11  12  11  11  11  11  22  11  12  22  12  22  22  22  22  11  12  12  11  11  11  12  11  11  11  22  11  11  11  22  12  22  12  11  11  22  11  11  22  12  11  22  12  11  12  11  12  11  11  11  12  12  12  12  11  22  11  12  22  11  12  11  12  12  11  22  12  12  22  11  12  12  12  22  11  11  12  11  11  11  12  11  12  12  22  11  12  11  12  11  11  12  22  22  11  11  22  11  11  11  22  22  12  11  11  11  12  11  11  12  11  11  12  12  11  12  12  11  11  12  12  12  11  11  12  22  22  22  12  11  11  11  22  12  11  11  11  11  11  11  12  22  11  22  12  12  12  22  22  22  11  11  12  22  12  11  11  11  12  11  12  11  12  11  12  22  11  11  11  11  11  11  12  12  11  12  12  12  11
42  22  22  11  11  11  11  12  12  11  11  11  12  12  11  22  11  12  11  11  12  22  11  22  11  12  11  12  22  11  12  22  12  22  11  22  22  12  12  22  11  11  12  12  12  11  12  22  12  11  11  12  11  12  11  11  11  12  12  11  22  12  12  11  12  11  11  11  12  11  11  11  12  22  11  12  11  22  11  12  22  12  11  11  12  12  12  22  11  12  12  11  22  22  -1-1  22  12  11  11  12  11  11  11  11  12  22  22  11  12  11  12  11  11  12  11  11  11  11  22  11  11  11  22  22  11  11  12  11  11  22  11  12  11  11  11  12  11  22  12  11  11  11  12  11  12  12  11  22  22  12  12  22  11  12  11  12  11  12  12  11  22  12  12  22  11  22  22  12  11  22  22  22  11  22  12  22  22  11  11  12  12  11  12  22  11  11  11  22  11  11  12  12  11  11  12  12  11  22  22  11  11
43  22  22  11  11  11  11  11  22  11  11  11  11  22  22  22  11  11  11  11  11  22  11  22  11  11  11  11  22  11  11  11  11  22  11  22  22  11  22  22  11  11  11  11  11  11  11  22  11  11  11  22  11  22  11  11  11  11  11  11  22  11  11  12  22  11  11  11  11  11  11  11  11  11  11  11  11  22  11  11  22  11  11  11  22  11  11  22  11  11  22  11  22  22  11  22  11  11  11  11  11  11  11  11  11  22  22  11  22  11  11  11  11  11  22  22  11  11  22  11  11  11  22  22  11  11  12  11  11  11  11  11  11  11  11  11  11  12  11  11  11  11  11  11  11  11  11  22  22  11  22  11  11  11  11  11  11  11  11  11  11  11  22  22  11  22  22  11  11  22  22  22  11  11  11  22  22  11  11  11  22  11  11  11  11  11  11  22  11  11  11  11  11  11  11  11  11  22  22  11  11
44  22  22  11  11  11  11  12  22  11  11  11  11  22  22  22  11  -1-1  11  11  11  22  11  22  11  11  11  11  22  11  11  11  11  22  11  22  22  11  22  22  11  11  11  11  11  11  11  22  11  11  22  22  11  22  11  11  11  11  11  11  22  11  11  11  22  11  11  11  11  11  11  11  11  11  11  11  11  22  11  22  22  11  11  11  22  11  11  22  11  11  22  11  22  22  11  22  11  11  11  11  11  11  11  11  11  12  22  11  22  11  11  11  11  11  22  22  11  11  22  11  11  11  22  22  11  11  12  11  11  11  11  11  11  11  11  11  11  22  11  11  11  11  11  11  11  11  11  22  22  11  12  11  11  11  12  11  11  11  11  11  11  11  22  22  11  22  22  11  12  22  22  22  11  11  11  22  22  11  11  11  22  11  11  11  11  11  11  22  11  11  11  11  11  11  11  11  11  22  22  11  11
45  22  22  11  12  11  11  22  22  11  11  11  11  22  11  22  11  11  11  11  11  22  11  22  11  11  11  11  22  11  11  22  11  22  11  22  22  11  22  22  11  11  11  11  11  11  11  22  11  11  11  22  11  22  11  11  11  11  11  11  22  11  11  11  22  11  11  11  11  11  11  11  11  11  11  11  11  22  11  12  22  11  11  11  22  11  11  22  12  11  22  11  22  22  11  22  11  11  11  11  11  11  11  11  11  12  22  11  22  11  11  11  11  12  22  22  11  11  22  11  11  11  22  22  11  11  22  11  11  11  11  11  11  11  11  11  11  11  11  11  11  11  11  11  11  11  11  22  22  11  12  11  11  11  11  11  11  11  11  11  11  11  22  22  11  22  22  11  11  22  22  22  11  11  11  22  22  11  11  11  22  11  11  11  11  11  11  22  11  11  11  11  11  11  11  11  11  22  22  11  11
46  11  11  22  11  22  22  11  11  22  11  22  22  11  11  11  22  22  12  22  22  11  22  11  11  22  22  12  -1-1  22  22  22  22  11  22  22  11  22  11  11  12  22  -1-1  22  22  11  22  11  12  11  11  11  22  11  22  11  11  22  22  22  11  22  22  11  11  11  22  22  22  22  11  22  22  22  22  22  22  11  22  11  11  22  12  22  11  22  22  11  11  22  11  22  11  11  22  11  22  11  22  22  22  22  22  22  22  11  11  22  11  12  22  22  22  22  11  11  22  22  11  22  11  22  22  11  22  22  11  11  22  22  11  22  22  11  -1-1  22  22  22  22  22  11  22  22  22  22  22  22  11  12  22  11  22  11  22  11  22  11  22  22  22  22  22  11  11  22  11  11  22  12  11  11  11  22  22  22  11  11  22  11  22  11  11  22  22  22  11  22  11  22  11  22  22  11  22  22  11  22  11  11  22  22
47  22  22  11  11  11  11  11  22  11  12  11  11  22  11  22  11  11  12  11  11  22  11  22  12  11  11  12  22  11  11  22  11  11  12  22  22  11  22  22  12  11  11  11  11  11  11  22  12  11  11  22  11  22  11  11  11  11  11  11  -1-1  11  12  12  22  11  11  11  11  11  11  12  11  11  11  11  11  12  11  22  12  11  12  12  22  11  11  22  11  11  22  11  22  12  -1-1  22  12  11  11  11  11  11  11  11  11  22  22  11  12  11  11  11  11  12  12  22  11  11  22  11  11  11  22  22  12  11  11  11  11  12  11  11  11  11  11  11  11  12  11  11  11  12  11  11  12  11  11  22  12  22  12  11  11  11  12  11  11  11  12  11  11  11  22  22  11  22  22  11  12  22  22  22  11  12  11  22  22  11  11  11  -1-1  11  11  11  11  22  11  22  11  11  12  12  11  11  11  12  11  22  22  11  11
48  12  22  11  11  11  11  11  22  11  11  11  11  22  11  22  11  11  11  11  11  -1-1  11  22  11  11  12  11  22  11  11  22  11  22  11  22  22  12  22  22  11  11  11  11  11  11  11  -1-1  11  11  11  22  11  22  11  11  11  11  11  11  22  11  12  12  22  11  12  12  11  11  11  12  11  11  11  11  11  12  11  12  22  11  12  12  22  11  11  22  11  11  22  11  22  22  11  12  11  -1-1  11  11  12  12  -1-1  12  11  12  12  11  22  11  11  11  11  11  22  22  11  12  22  11  11  11  22  22  11  11  12  11  11  11  11  11  11  11  11  11  11  11  11  11  11  11  11  11  11  12  11  22  22  12  22  11  11  11  12  11  11  11  11  11  11  11  22  22  11  22  22  11  22  22  12  22  11  11  11  11  22  11  11  11  12  11  11  11  11  11  11  22  11  11  11  12  11  11  11  12  12  22  22  11  22
49  22  22  11  11  11  11  11  22  11  11  11  11  22  12  22  11  11  11  11  11  22  11  22  11  11  11  11  22  11  11  22  11  22  11  22  22  11  22  22  11  11  11  11  11  11  11  22  11  11  11  22  11  22  11  11  11  11  11  11  22  11  11  11  22  11  11  11  11  11  11  11  11  11  11  11  11  22  11  12  22  11  11  11  22  11  11  22  11  11  22  11  22  22  11  22  11  11  11  11  11  11  11  11  11  12  22  11  22  11  11  11  11  11  22  -1-1  11  11  22  11  11  11  22  22  11  11  12  11  11  11  11  11  11  11  11  11  11  11  11  -1-1  11  11  11  11  11  11  11  22  22  11  22  11  11  11  12  11  11  11  11  11  11  11  22  22  11  22  22  11  11  22  22  22  11  11  11  22  22  11  11  11  22  11  11  11  11  12  11  22  11  11  11  11  11  11  11  11  11  22  22  11  11
50  22  12  12  11  12  12  11  11  12  12  22  22  11  11  12  12  22  22  12  12  11  11  12  11  22  22  22  22  12  12  22  12  12  12  12  12  12  12  11  22  12  11  22  12  11  12  12  22  11  11  22  22  11  22  11  11  12  12  12  12  22  12  11  11  11  22  22  12  12  11  22  12  22  22  22  12  12  12  11  12  12  22  12  12  22  22  12  12  12  12  12  11  12  12  12  22  12  12  22  12  12  22  22  22  11  11  12  11  22  12  22  11  22  12  12  22  12  11  12  11  22  22  11  12  12  12  11  12  12  11  12  12  11  12  12  12  12  12  12  11  12  22  12  11  12  12  12  11  22  11  12  11  12  11  12  11  12  12  12  12  12  11  12  22  12  12  12  22  12  12  12  12  12  22  11  11  12  11  22  11  11  22  12  12  11  12  12  22  11  22  12  11  22  12  11  22  11  11  12  22
51  12  11  22  11  -1-1  12  12  12  11  11  22  12  11  11  11  12  12  22  22  12  11  12  11  11  12  12  12  22  22  12  22  22  11  22  11  12  12  11  11  22  12  22  22  12  11  22  11  22  11  11  11  22  12  12  11  12  12  12  22  11  22  22  11  11  11  22  12  12  12  11  22  12  12  22  22  12  11  22  12  11  12  12  22  11  22  12  11  11  12  12  12  11  11  22  22  22  12  22  12  12  12  12  12  22  12  11  22  11  22  22  22  22  22  12  12  22  12  12  22  11  22  22  12  22  12  11  11  12  12  11  12  12  11  22  22  12  22  22  12  11  22  12  22  22  12  22  12  11  22  11  22  11  12  11  22  11  12  22  22  11  22  11  12  22  11  12  22  22  12  12  12  22  12  22  12  11  22  11  12  11  11  12  12  22  11  12  12  22  11  22  11  11  22  22  12  22  11  11  22  12
52  22  22  11  11  11  11  22  22  11  12  11  11  22  12  22  11  11  11  11  11  22  11  22  11  11  11  11  22  11  11  22  11  22  11  22  22  11  22  22  11  11  11  11  11  11  11  22  11  11  11  22  11  12  11  11  11  11  12  11  22  11  11  11  22  11  11  11  11  11  11  11  11  11  11  11  11  22  11  11  22  11  11  11  22  11  11  22  22  11  22  11  22  22  11  22  11  11  11  11  11  11  11  11  11  22  22  11  22  11  11  11  11  11  22  22  11  11  22  11  11  11  22  22  11  11  11  11  11  11  11  11  11  11  11  11  11  12  11  11  11  11  22  11  11  11  11  22  22  22  22  11  11  12  11  11  11  11  11  11  11  11  22  22  12  22  22  11  11  22  22  22  11  12  11  22  12  11  11  12  22  11  22  12  11  22  11  22  11  11  11  11  11  11  11  11  11  22  22  11  11
53  11  11  22  11  22  22  11  11  12  11  22  22  11  11  11  22  22  22  22  22  11  22  11  11  22  22  22  22  22  22  22  22  11  22  11  11  22  11  11  22  22  22  22  22  11  22  11  22  11  11  11  22  11  22  11  11  22  22  22  11  22  22  11  11  11  11  22  22  22  11  22  22  22  12  22  22  11  22  11  11  22  22  22  11  22  22  11  11  22  11  22  11  11  22  11  22  22  22  22  22  22  22  22  22  11  11  22  11  22  22  22  22  22  11  11  22  22  12  22  11  22  22  11  22  22  11  11  22  22  12  22  22  11  22  22  22  22  22  22  11  22  22  22  22  22  22  11  11  22  11  22  11  22  11  22  11  22  22  22  22  22  11  11  22  11  11  22  22  11  11  11  22  22  22  11  11  22  11  22  11  11  22  22  22  11  22  11  22  11  22  22  11  22  22  11  22  11  11  22  22
54  22  22  11  11  11  11  22  22  11  11  11  11  22  22  22  11  11  11  11  11  22  11  22  11  11  11  11  22  11  11  22  11  22  11  22  22  11  22  22  11  11  11  11  11  11  11  22  11  11  12  22  11  22  11  11  11  11  11  11  22  11  11  11  22  11  11  11  11  11  12  11  11  11  11  11  11  22  11  22  22  11  11  11  22  11  11  22  11  11  22  11  22  22  11  22  11  11  11  11  11  11  11  11  11  11  22  11  22  11  11  11  11  11  22  -1-1  11  11  22  11  11  11  22  22  11  11  11  11  11  11  11  11  11  11  11  11  11  11  11  11  11  11  11  11  11  11  11  22  22  11  22  11  11  11  22  11  11  11  11  11  11  11  22  22  11  22  22  11  11  22  22  22  11  11  11  22  22  11  11  11  22  11  11  11  11  11  11  22  11  11  11  11  11  11  11  11  11  22  22  11  11
55  11  11  22  11  22  22  11  11  22  11  22  22  11  11  11  12  22  22  12  22  11  -1-1  12  11  22  22  12  22  22  22  22  12  11  22  11  11  22  11  11  12  22  22  22  12  11  22  11  22  11  11  12  12  12  22  11  11  22  12  22  11  22  22  11  11  11  12  22  22  22  11  22  22  22  22  22  22  11  22  11  11  12  12  22  11  22  22  11  11  22  11  22  12  11  22  11  12  22  22  22  22  22  12  22  22  11  11  22  11  22  22  22  22  22  11  11  22  22  11  22  11  22  22  11  22  22  11  11  12  22  22  22  12  11  22  22  22  22  22  22  11  22  22  22  22  22  22  11  11  22  11  22  11  12  11  12  11  22  22  22  -1-1  22  11  12  22  11  12  22  22  11  11  11  22  22  22  11  11  22  11  12  11  11  22  12  22  11  22  11  22  11  12  12  11  12  12  11  22  12  12  22  22
56  22  12  11  11  11  11  11  12  11  11  11  11  22  12  11  11  11  11  12  11  22  11  22  11  11  11  11  22  11  12  22  11  22  11  22  22  11  12  22  11  11  12  11  12  11  22  22  11  11  11  22  11  22  11  11  11  22  11  11  11  11  11  22  22  11  11  11  12  11  11  11  12  12  11  11  11  22  12  11  22  11  22  11  22  11  11  12  11  11  22  11  22  22  11  22  11  11  11  11  11  11  11  11  11  11  22  12  22  11  11  11  11  11  22  22  11  11  22  12  11  11  22  22  11  11  11  11  11  11  11  12  11  12  11  11  11  11  22  11  11  11  12  11  11  11  11  22  22  22  12  11  11  11  12  11  11  11  11  12  11  11  22  22  11  22  22  11  11  22  22  22  12  11  11  22  22  11  11  11  12  11  12  11  11  12  11  22  11  11  11  11  11  11  12  12  11  22  22  11  11
57  22  22  11  11  11  11  12  22  11  11  11  11  22  22  22  11  11  11  11  11  22  11  22  11  11  11  11  22  -1-1  11  11  11  22  11  22  22  11  22  22  11  11  11  11  11  11  11  22  11  11  22  22  11  22  11  11  11  11  11  11  22  11  11  12  22  11  11  11  11  11  11  11  11  11  11  11  11  22  11  11  22  11  11  11  22  11  11  22  11  11  22  11  22  22  11  22  11  11  11  11  11  11  11  11  11  22  22  11  22  11  11  11  11  11  22  22  11  11  22  11  11  11  22  22  -1-1  11  12  11  11  11  11  11  11  11  11  11  11  11  11  11  11  11  11  11  11  11  11  22  22  11  22  11  11  11  22  11  11  11  11  11  11  11  22  22  11  22  22  11  22  22  22  22  11  11  11  22  22  11  11  11  22  11  11  11  11  11  11  22  11  11  11  11  11  11  11  11  11  22  22  11  11
58  22  22  11  11  11  11  12  22  11  11  11  11  22  22  22  11  11  11  11  11  22  11  22  11  11  11  11  22  11  11  11  11  22  11  22  22  11  22  22  11  11  11  11  11  11  11  22  11  11  22  22  11  22  11  11  11  11  11  11  22  11  11  22  22  11  11  11  11  11  11  11  11  11  11  11  11  22  11  11  22  11  11  11  22  11  11  22  11  11  22  11  22  22  11  22  11  12  11  11  11  11  11  11  11  22  22  11  22  11  11  11  11  11  22  22  11  11  22  11  11  11  -1-1  22  11  11  22  11  11  11  11  11  11  11  11  11  11  12  11  11  11  11  11  11  11  11  11  22  22  11  12  11  11  11  12  11  11  11  11  11  -1-1  11  22  22  11  22  22  11  11  22  22  22  11  11  11  22  22  11  11  11  22  11  11  11  11  11  11  22  11  11  11  11  11  11  11  11  11  22  22  11  11
59  22  22  12  11  11  11  11  22  11  12  11  11  22  11  22  11  11  11  12  -1-1  22  11  22  11  11  11  11  22  11  11  22  11  22  11  22  22  11  22  22  11  12  11  11  11  11  12  22  11  11  11  22  22  22  11  11  11  11  11  11  22  11  11  11  22  11  11  11  11  11  11  12  11  -1-1  12  11  11  12  11  12  22  11  11  11  22  11  11  22  11  11  22  11  12  22  11  22  11  12  12  11  11  11  12  11  11  11  22  11  22  12  11  11  11  11  22  22  11  11  22  11  11  11  22  22  11  11  11  11  11  11  11  11  11  11  11  11  11  12  11  11  11  11  11  12  11  11  12  22  12  22  22  11  11  11  11  11  11  11  11  11  11  11  22  22  11  22  22  11  11  22  22  22  11  11  11  22  22  11  11  11  22  12  11  11  12  11  11  22  11  11  11  11  11  12  11  22  11  12  12  11  11
60  22  22  11  11  11  11  12  22  11  12  11  11  22  11  12  11  11  11  11  22  22  11  22  11  11  11  11  22  11  12  22  11  22  11  22  22  11  12  12  11  11  12  11  11  11  12  22  11  12  -1-1  22  11  12  11  11  11  11  12  12  12  11  11  11  22  11  11  11  12  11  11  11  11  11  11  11  11  22  11  12  22  11  11  11  12  11  11  22  11  11  22  11  22  22  11  22  11  11  11  -1-1  11  11  11  11  11  22  22  11  22  11  12  11  11  11  22  11  11  11  22  11  11  11  22  22  11  11  11  11  11  12  11  11  11  12  11  12  11  11  12  11  11  11  12  11  11  11  11  22  22  22  12  12  11  12  12  11  11  12  11  11  12  12  22  22  11  22  22  12  11  22  22  22  11  12  11  11  22  11  11  12  22  11  12  12  11  22  11  22  11  11  11  11  11  11  11  11  11  22  22  11  12
61  11  11  22  11  22  22  11  11  11  11  22  22  -1-1  11  11  22  22  22  22  22  11  -1-1  11  11  22  22  22  22  22  22  11  22  11  22  -1-1  11  12  11  11  22  22  22  22  22  12  22  11  22  12  11  11  -1-1  11  22  11  11  22  22  22  11  22  22  11  11  11  12  22  22  22  11  22  22  22  22  22  22  11  22  11  11  22  22  22  11  22  22  11  11  22  11  22  12  11  22  11  22  11  22  22  22  22  22  22  22  11  11  22  11  22  22  22  22  22  11  11  22  12  11  22  11  22  22  11  22  22  11  11  22  22  12  22  22  11  22  22  22  22  22  22  11  22  22  22  22  12  22  11  -1-1  22  11  22  11  22  11  22  11  22  22  22  22  22  11  11  -1-1  11  11  22  22  11  11  11  22  22  -1-1  11  11  22  -1-1  22  11  11  22  22  22  11  22  11  22  11  22  22  11  -1-1  22  11  22  11  11  -1-1  -1-1
62  12  22  11  11  11  11  12  22  11  22  12  12  22  11  22  11  11  11  11  11  22  11  22  11  12  11  11  22  11  11  22  11  22  11  22  22  12  22  22  11  11  11  11  11  11  11  22  11  11  11  22  12  12  11  11  11  -1-1  12  11  -1-1  11  11  11  22  11  11  11  11  11  11  12  11  11  11  11  11  22  11  11  12  11  12  11  22  11  12  22  12  11  12  11  22  22  11  12  11  11  11  12  12  12  11  11  11  12  22  11  22  11  11  11  11  11  12  11  11  11  22  11  11  11  22  22  11  11  12  11  11  12  11  11  11  11  11  11  11  11  11  11  11  11  11  11  11  12  11  22  22  12  22  11  11  12  12  11  11  11  11  11  11  11  22  22  11  22  22  11  12  22  12  22  11  12  11  22  22  11  11  12  22  11  11  12  11  11  11  22  11  11  11  11  11  12  11  22  11  12  12  11  11
63  22  22  11  11  11  11  22  22  11  11  11  11  22  22  22  11  11  11  11  11  -1-1  11  22  11  11  11  11  22  11  11  11  11  22  11  22  22  11  22  22  11  11  11  11  11  11  11  22  11  11  12  22  11  22  11  11  11  11  11  11  22  11  11  12  22  11  11  11  11  -1-1  11  11  11  11  11  11  11  22  11  11  22  11  11  11  22  12  11  22  11  11  22  11  22  22  11  22  11  11  11  11  11  11  11  11  11  12  22  11  22  11  11  11  11  11  22  22  11  11  22  11  11  11  22  22  11  11  11  11  11  11  11  11  11  11  11  11  11  22  11  11  11  11  11  11  11  11  11  22  22  11  22  11  11  11  11  11  11  11  11  11  11  11  22  22  11  22  22  11  11  22  22  22  11  11  11  22  12  11  11  11  22  11  11  11  11  11  11  22  11  11  11  11  11  11  11  11  11  22  22  11  11
64  22  22  11  11  11  11  11  22  12  12  11  11  22  11  22  11  11  11  11  11  22  11  12  11  11  11  11  22  11  11  22  11  22  11  22  22  11  22  22  11  11  11  11  11  11  11  22  11  11  11  22  11  22  11  11  11  -1-1  11  11  22  11  11  12  22  11  12  11  11  11  11  11  11  11  11  11  11  22  11  22  22  11  11  11  22  11  11  22  12  11  22  12  22  12  11  22  11  11  11  11  11  22  11  11  11  11  22  11  22  11  11  11  11  11  22  22  11  11  22  11  11  11  22  22  12  11  11  11  11  12  11  11  11  11  12  11  11  11  11  11  11  11  11  11  11  11  11  22  22  12  22  11  11  11  12  11  11  11  11  11  11  11  22  22  -1-1  22  22  11  11  22  22  22  11  12  11  22  22  11  11  11  22  11  11  11  11  11  11  22  11  11  11  11  11  11  11  22  11  22  22  11  11
65  22  22  11  11  11  12  11  22  11  11  11  11  22  11  22  11  11  11  11  11  22  11  22  11  11  11  11  22  11  11  12  11  22  11  22  22  11  22  22  11  11  11  11  11  11  11  22  11  11  11  22  11  22  11  11  11  11  11  11  22  11  11  11  22  11  11  11  11  11  11  12  11  11  11  11  11  12  11  12  22  12  11  12  22  11  11  22  11  11  22  12  22  22  11  22  11  12  11  11  11  -1-1  11  11  11  22  22  11  22  11  11  11  11  12  12  22  11  11  22  11  11  11  22  22  11  11  11  11  11  11  11  11  11  11  11  11  11  11  11  11  11  11  11  11  11  11  11  12  12  22  22  11  11  11  11  11  11  11  11  11  11  11  22  22  11  22  22  11  12  22  22  22  11  11  11  22  22  11  11  11  22  11  11  11  11  11  11  22  11  11  11  11  11  11  11  22  11  22  22  11  11
66  12  22  12  11  11  12  11  22  12  11  12  12  22  11  22  11  12  11  11  11  12  11  12  11  22  11  22  22  22  11  11  11  22  12  22  12  12  22  22  12  12  11  11  11  11  11  11  11  11  11  12  11  22  11  11  11  11  12  12  22  12  11  11  12  11  12  11  11  12  11  11  11  11  12  12  12  22  11  12  12  11  11  11  22  12  12  22  12  11  22  12  12  12  11  12  11  11  12  11  12  11  11  11  12  11  22  11  22  12  11  22  -1-1  12  12  12  12  12  22  11  11  11  22  22  12  12  11  11  11  11  11  11  11  11  12  11  12  11  11  11  11  12  11  12  12  12  12  22  22  12  22  11  11  12  12  11  11  11  12  11  11  11  12  22  11  12  22  11  12  22  12  12  11  11  12  22  11  11  11  12  12  11  11  12  12  12  -1-1  12  12  11  12  12  11  11  11  22  11  22  22  12  11
67  22  12  11  11  11  11  11  12  11  11  11  11  22  12  11  11  11  11  12  11  22  11  22  11  11  11  11  22  11  12  22  11  22  11  22  22  11  12  22  11  11  22  11  12  11  22  22  11  11  11  22  11  22  11  11  11  22  11  11  11  11  11  22  22  11  11  11  12  11  11  11  12  12  11  11  11  22  12  11  22  11  22  11  22  11  11  12  11  11  22  11  22  22  11  22  11  11  11  11  11  11  11  11  11  11  22  12  22  11  11  11  11  11  22  22  11  11  22  12  11  11  22  22  11  11  11  11  11  11  11  12  11  12  11  11  11  11  12  11  11  11  12  11  11  11  11  22  22  22  12  11  11  11  12  11  11  11  11  12  11  11  22  22  11  22  22  11  11  22  22  22  12  11  11  22  22  11  11  11  12  12  12  11  11  12  11  22  11  11  11  11  11  11  12  12  11  22  22  11  11
68  11  11  22  11  22  12  11  11  22  11  22  22  11  11  11  22  22  22  22  22  11  22  11  12  22  22  22  22  22  22  22  22  11  22  11  11  22  11  12  12  22  22  22  22  11  22  11  22  12  11  11  22  11  22  11  11  22  22  22  11  22  22  -1-1  11  11  12  12  22  22  11  22  22  22  22  22  22  11  22  11  11  22  12  22  11  22  22  11  11  22  11  22  11  11  22  11  22  22  22  22  22  22  22  22  22  11  11  22  11  22  22  22  22  22  11  11  22  22  11  22  11  22  22  11  22  22  11  11  22  22  11  22  12  11  22  22  22  22  22  22  11  12  22  22  22  22  22  11  11  22  11  22  11  22  12  22  11  22  22  22  22  22  11  11  22  11  11  22  22  11  11  11  22  22  22  12  11  22  11  22  11  11  22  22  22  11  22  11  22  11  22  22  11  -1-1  22  11  22  11  12  12  22
69  11  11  22  11  22  12  11  11  22  11  22  22  11  11  12  22  22  22  22  22  11  -1-1  11  11  22  22  22  22  22  22  22  22  11  22  11  11  22  12  11  22  22  22  22  22  11  12  11  22  11  11  11  11  11  22  11  11  22  22  22  12  22  12  11  11  11  22  22  22  22  11  22  22  22  22  22  22  11  22  11  11  22  11  22  11  22  22  11  11  12  11  22  12  11  -1-1  11  22  12  22  22  22  22  22  22  22  11  11  22  11  22  22  22  22  22  12  11  22  22  11  22  11  22  22  11  22  22  11  11  22  22  22  22  12  11  22  22  22  22  22  22  11  22  22  22  22  22  22  11  11  22  11  22  11  22  11  22  11  22  22  22  22  22  11  11  -1-1  11  11  22  22  11  11  11  22  22  22  11  11  22  11  22  11  11  22  22  22  11  22  11  22  11  22  12  11  -1-1  22  11  22  11  12  22  22
70  22  22  11  11  11  11  22  22  11  11  11  11  22  22  22  11  11  11  11  11  22  11  22  11  11  11  11  22  11  11  22  11  22  11  22  22  11  22  22  11  11  11  11  11  11  11  22  11  11  12  22  11  22  11  11  11  11  11  11  22  11  11  11  22  11  11  11  11  11  12  11  11  11  11  11  11  22  11  12  22  11  11  11  22  11  11  22  11  11  22  11  22  22  11  22  11  11  11  11  11  11  11  11  11  22  22  11  22  11  11  11  11  12  22  22  11  11  22  11  11  11  22  22  11  11  12  11  11  11  11  11  11  11  11  11  11  11  11  11  11  11  11  11  11  11  11  22  22  11  22  11  11  11  22  11  11  11  11  11  11  11  22  22  11  22  22  11  11  22  22  22  11  11  11  22  22  11  11  11  22  11  11  11  11  11  11  22  11  11  11  11  11  11  11  11  11  22  22  11  11
71  11  11  22  11  22  11  11  11  22  11  22  22  11  11  11  22  22  22  12  22  11  22  11  11  22  12  22  22  22  22  22  22  11  22  12  11  22  11  12  22  22  12  22  22  11  22  11  22  11  11  11  22  12  22  11  11  22  11  22  11  22  22  11  11  11  22  12  12  22  11  22  22  22  22  22  22  11  22  12  11  22  22  22  11  22  22  11  11  22  11  12  12  11  22  12  22  22  22  22  22  22  22  12  22  11  11  22  11  22  22  22  22  22  11  11  22  22  11  22  11  12  22  12  22  22  11  11  22  12  11  22  12  11  22  22  22  22  22  11  11  22  22  22  22  22  22  12  11  22  11  22  11  12  11  22  11  22  22  22  22  22  11  11  11  11  11  22  22  11  11  -1-1  22  12  22  11  11  22  11  12  11  11  22  12  22  11  22  11  22  11  22  22  11  22  12  11  12  11  11  12  12
72  22  22  11  11  11  12  11  22  11  11  11  12  22  11  12  11  12  11  11  11  22  11  12  11  11  11  12  22  22  11  12  11  12  11  11  12  11  22  22  11  12  11  11  11  -1-1  11  22  11  11  11  12  11  22  11  11  11  11  11  11  11  11  12  11  12  11  11  11  11  11  11  12  11  11  11  11  12  22  11  12  12  11  11  11  22  11  12  22  12  12  22  11  22  22  22  22  11  12  11  11  11  11  11  11  11  11  22  11  22  11  11  11  11  11  12  12  11  11  22  11  11  11  22  22  11  12  11  11  11  11  11  11  11  11  11  11  12  11  12  11  11  11  11  11  11  11  11  22  22  22  22  11  11  11  11  11  11  11  11  11  11  11  22  22  11  22  22  11  11  22  22  12  11  11  12  22  22  11  11  11  22  11  11  11  11  12  11  12  11  11  12  12  11  11  11  22  11  22  12  11  11
73  22  22  11  11  11  11  12  22  22  11  11  11  22  11  12  11  11  12  11  11  12  11  12  11  11  11  11  22  11  11  22  11  12  11  12  22  11  22  22  11  11  11  11  12  11  12  22  11  11  11  22  11  22  11  11  11  12  11  11  11  11  11  11  22  11  11  11  11  11  11  11  11  11  11  11  11  11  11  -1-1  12  11  11  22  22  11  11  12  11  11  22  12  22  22  11  22  11  11  11  11  11  11  11  11  11  12  22  11  22  11  11  11  11  11  12  22  11  11  22  11  11  11  22  22  11  11  11  11  11  11  11  11  11  11  22  11  11  11  11  11  11  11  11  11  11  11  11  22  22  22  22  12  11  11  11  11  11  11  11  11  11  12  22  22  11  12  22  11  11  22  22  22  12  11  11  22  22  11  11  11  12  11  11  11  11  12  -1-1  22  11  11  11  11  11  11  11  12  11  22  22  11  11
74  22  22  11  11  11  11  11  22  11  11  11  11  22  12  22  11  11  11  11  11  22  11  22  11  11  11  11  22  11  11  22  11  22  11  22  22  11  22  22  11  11  11  11  11  11  11  12  11  11  12  22  11  22  11  11  11  11  11  12  -1-1  11  11  12  22  11  11  11  11  11  -1-1  11  11  -1-1  11  11  11  22  11  12  22  12  11  11  22  11  11  22  11  12  22  11  22  22  11  22  11  11  11  11  11  12  11  11  11  11  22  11  22  12  11  12  12  11  22  22  12  11  22  11  11  11  12  22  11  11  12  11  11  11  11  11  11  11  11  11  11  11  11  12  11  11  11  11  11  11  11  12  22  12  12  11  11  11  11  11  11  11  11  11  11  11  22  22  11  22  22  11  11  12  22  22  11  11  11  22  22  11  11  11  22  11  11  11  11  12  11  22  11  11  12  11  11  11  11  22  11  22  22  11  11
75  22  22  11  11  11  11  11  -1-1  11  11  11  11  12  22  12  11  11  11  11  11  22  11  22  11  11  11  11  22  11  11  -1-1  11  22  11  22  22  11  22  22  11  11  12  12  11  11  12  22  11  11  11  22  11  12  11  11  11  22  11  11  12  12  11  22  22  11  11  11  12  11  11  11  11  11  11  12  11  22  11  22  22  11  11  11  12  11  11  22  11  12  22  11  22  22  11  22  11  11  11  11  11  11  11  11  12  22  22  11  22  11  12  11  11  11  22  11  11  11  22  11  11  11  22  22  11  11  12  11  11  11  11  11  11  11  11  12  11  11  12  11  11  12  11  11  11  11  11  22  22  22  22  12  11  11  12  11  11  12  11  11  11  12  22  22  11  22  22  12  11  22  22  22  11  11  11  22  22  11  11  11  22  11  11  11  11  12  11  22  11  11  11  11  11  11  11  22  11  22  22  11  11
76  22  22  11  11  12  11  11  22  11  11  12  22  22  11  12  11  12  12  11  11  22  11  22  11  22  11  22  22  11  11  22  11  22  11  22  22  11  22  22  11  11  11  11  11  11  12  22  11  11  11  12  11  22  11  11  11  11  11  11  12  11  11  11  12  11  11  11  11  11  11  11  11  11  11  11  11  22  11  12  22  11  11  11  12  11  12  22  11  11  22  11  22  22  11  22  22  11  11  11  11  11  11  11  11  22  -1-1  11  22  11  12  11  11  11  22  22  11  11  22  11  11  11  22  22  11  11  11  11  11  11  11  11  12  11  11  12  11  12  12  11  11  11  11  11  11  11  11  22  22  22  22  -1-1  11  11  11  11  11  11  11  11  11  11  22  22  11  22  22  12  11  22  22  22  11  11  12  22  11  11  11  11  22  11  11  11  11  22  -1-1  22  11  11  11  11  11  11  11  11  11  22  22  11  11
77  11  11  22  11  22  12  11  11  22  11  22  22  11  11  11  22  22  22  22  22  11  22  11  11  22  22  22  22  22  22  22  22  11  22  12  11  22  11  11  22  22  22  22  22  11  22  11  22  11  11  11  22  11  22  11  11  22  22  22  11  22  22  11  11  11  22  22  22  22  11  22  22  22  22  22  22  11  22  11  11  22  22  22  11  22  22  11  11  22  11  22  11  11  22  11  22  22  22  22  22  22  22  22  22  11  11  22  11  22  22  22  22  22  11  11  22  22  11  22  11  22  22  11  22  22  11  11  22  22  11  22  22  11  -1-1  22  22  22  22  22  11  22  22  22  22  22  22  11  11  22  11  22  11  22  11  22  11  22  22  22  22  22  11  11  22  11  11  22  22  11  11  11  22  22  22  12  11  22  11  22  11  11  22  22  22  11  22  11  22  11  22  22  11  22  22  11  22  11  11  22  22
78  11  11  22  11  22  22  11  11  22  11  22  22  11  11  11  22  22  22  22  22  11  22  11  12  22  22  22  22  22  22  22  -1-1  12  22  11  11  22  11  11  22  22  22  22  22  11  22  11  22  11  11  11  22  11  22  11  11  22  22  22  11  22  22  11  11  11  22  22  22  22  11  22  22  22  22  22  22  12  22  11  11  22  12  12  11  22  22  11  11  22  11  22  11  11  22  11  22  22  22  22  22  22  22  22  22  11  11  22  11  22  22  22  22  22  11  11  22  22  11  22  11  22  22  11  22  22  11  11  22  22  11  22  22  11  22  22  22  22  22  22  11  22  22  22  -1-1  22  22  11  11  22  11  22  11  22  11  22  11  22  22  22  22  22  11  11  22  11  11  22  22  11  11  11  22  22  22  11  11  22  11  22  12  11  22  22  22  11  22  11  22  11  22  22  11  22  22  11  22  11  11  22  22
79  22  22  11  11  11  11  12  22  11  11  11  11  22  22  22  11  11  11  11  11  22  11  22  11  11  11  11  22  11  11  11  11  22  11  22  22  11  22  22  11  11  11  11  11  11  11  22  11  11  22  22  11  22  11  11  11  11  11  11  22  11  11  11  22  11  11  11  11  11  11  11  11  11  11  11  11  22  11  11  22  11  11  11  22  11  11  22  11  11  22  11  22  22  11  22  11  11  11  11  11  11  11  11  11  11  22  11  22  11  11  11  11  11  22  22  11  11  22  11  11  11  22  22  11  11  11  11  11  11  11  11  11  11  11  11  11  11  11  11  11  11  11  11  11  11  11  22  22  12  22  11  11  11  12  11  11  11  11  11  11  11  22  22  11  22  22  11  12  22  22  22  11  11  11  22  22  11  11  11  22  11  11  11  11  11  11  22  11  11  11  11  11  11  11  11  11  22  22  11  11
80  22  22  11  11  11  11  12  22  11  11  11  11  22  22  22  11  11  -1-1  11  11  22  11  22  11  11  11  11  22  11  11  11  11  22  11  22  22  11  22  22  11  11  11  11  11  11  11  22  11  11  -1-1  22  11  22  11  11  11  11  11  11  22  11  11  11  22  11  11  11  11  11  11  11  11  11  11  11  11  22  11  11  22  11  11  11  22  11  11  22  11  11  22  11  22  22  11  22  11  11  11  11  11  11  11  11  11  22  22  11  22  11  11  11  -1-1  -1-1  22  22  11  11  22  11  11  11  22  22  11  11  12  11  11  11  11  11  11  11  11  11  11  22  11  11  11  11  11  11  11  11  11  22  22  11  12  11  11  11  12  11  11  11  11  11  11  11  22  22  11  22  22  11  11  22  22  22  11  11  11  22  12  11  11  11  22  11  11  -1-1  11  11  11  22  11  11  11  11  11  11  11  11  11  22  22  11  11
81  11  11  12  11  -1-1  22  11  11  22  11  12  22  12  11  11  22  22  22  12  22  11  22  11  11  22  22  22  -1-1  22  22  12  22  11  12  12  11  22  12  11  22  22  22  12  22  11  22  11  22  11  11  11  22  11  22  11  11  22  22  22  11  12  12  11  12  11  12  -1-1  22  22  11  12  22  22  12  12  22  11  22  11  12  22  12  22  11  12  22  11  11  22  12  22  12  12  22  11  22  22  12  12  22  12  12  22  12  11  11  22  12  22  22  22  22  12  11  11  12  22  11  22  11  -1-1  22  11  12  22  11  12  12  12  11  22  22  11  22  22  22  22  22  22  11  12  22  12  12  22  12  11  22  22  11  22  11  22  11  22  11  22  12  22  22  22  12  11  22  11  12  22  22  11  11  11  22  22  22  11  12  12  11  22  11  11  22  22  12  11  22  11  12  11  22  22  11  12  22  11  22  11  11  12  22
82  22  22  11  11  11  11  11  22  11  11  11  11  22  22  22  11  11  11  11  11  -1-1  11  22  11  11  11  11  22  11  11  11  11  22  11  22  22  11  22  22  11  11  11  11  11  11  11  22  11  11  -1-1  22  11  22  11  11  11  11  11  11  22  11  11  22  22  11  11  11  11  11  12  11  11  11  11  11  11  22  11  12  22  11  11  11  22  11  11  22  11  11  22  11  22  22  11  22  11  11  11  11  11  11  11  11  11  22  22  11  22  11  11  11  11  11  22  22  11  11  22  11  11  11  22  22  11  11  12  11  11  11  11  11  11  11  11  11  11  12  11  11  11  11  11  11  11  11  11  22  22  12  22  11  11  11  11  11  11  11  11  11  11  11  22  22  11  22  22  11  12  22  22  22  11  11  11  22  22  11  11  11  22  11  11  11  11  11  11  22  11  11  11  11  11  11  11  11  11  22  22  11  11
83  11  11  22  11  22  22  11  11  22  11  22  22  11  11  12  22  22  22  22  22  11  22  11  12  22  22  22  -1-1  22  22  22  12  11  22  11  11  22  11  11  22  22  22  22  22  11  12  11  22  12  11  11  22  11  22  11  11  22  22  22  11  22  22  11  11  11  12  22  22  22  11  22  22  22  22  22  22  11  22  11  11  22  22  22  11  22  22  11  11  22  11  22  11  11  22  11  22  -1-1  22  22  22  12  22  22  22  11  11  22  11  22  22  22  22  22  11  11  22  22  11  22  11  22  12  11  22  22  11  11  22  22  11  22  22  11  22  22  22  22  22  22  11  22  22  22  22  22  22  11  11  22  11  22  11  22  11  12  11  22  22  22  22  22  11  11  22  11  11  22  22  11  11  11  22  22  22  11  11  22  12  22  11  11  22  22  22  11  22  11  22  11  22  22  11  22  22  11  22  11  11  12  22
84  11  11  22  11  22  12  11  11  22  11  22  22  11  11  11  -1-1  22  22  22  22  11  -1-1  11  11  22  22  22  22  22  22  22  -1-1  11  22  11  11  22  11  11  22  22  22  22  22  11  22  11  22  11  11  11  -1-1  11  22  11  11  22  22  22  11  22  22  11  11  11  11  22  22  22  11  22  22  22  22  22  22  11  22  11  11  22  22  22  11  22  22  11  11  22  11  22  11  11  22  11  22  -1-1  22  22  22  22  22  22  22  11  11  22  11  22  22  22  22  22  11  11  22  22  11  22  11  22  22  11  22  22  11  11  22  22  11  22  22  11  22  22  22  22  22  22  11  22  22  22  22  22  22  11  11  22  11  22  11  22  11  22  11  12  22  22  22  22  11  11  22  11  11  22  22  11  11  11  22  22  22  11  11  22  11  22  11  11  22  22  22  11  22  11  22  11  22  22  11  22  22  11  22  11  11  22  22
85  22  22  11  11  11  11  11  11  11  11  11  11  22  11  22  11  11  11  11  11  22  11  22  11  11  11  11  22  11  11  22  11  22  11  22  22  11  22  22  11  11  11  11  11  11  11  22  11  11  11  22  11  22  11  11  11  11  12  11  22  11  12  11  22  11  11  11  11  11  -1-1  11  11  22  11  11  11  22  11  22  22  11  11  11  22  11  11  22  22  11  22  11  22  22  11  22  11  11  11  11  11  11  11  11  11  12  22  11  22  11  11  11  11  11  22  22  11  11  22  11  11  11  22  22  -1-1  11  11  11  11  11  11  22  11  11  11  11  11  11  11  11  11  11  11  11  11  11  11  22  22  22  12  11  11  12  11  11  11  11  11  11  11  11  22  22  11  22  22  11  11  22  22  22  11  11  11  22  22  11  11  12  22  11  11  12  11  22  11  22  11  11  11  11  11  11  11  12  11  22  22  11  11
86  22  22  11  11  11  11  12  22  11  11  11  11  22  22  22  11  11  11  11  11  22  11  22  11  11  11  11  22  11  11  11  11  22  11  22  22  11  22  22  11  11  11  11  11  11  11  22  11  11  12  22  11  22  11  11  11  11  11  11  22  11  11  11  22  11  11  11  11  11  11  11  11  11  11  11  11  22  11  11  22  11  11  11  22  11  11  22  11  11  22  11  22  22  11  22  11  12  11  11  11  11  11  11  11  12  22  11  22  11  11  11  11  11  22  22  11  11  22  11  11  11  22  22  -1-1  11  12  11  11  11  11  11  11  11  11  11  11  22  11  11  11  11  11  11  11  11  11  22  22  11  12  11  12  11  11  11  11  11  11  11  11  11  22  22  11  22  22  11  11  22  22  22  11  11  11  22  22  11  11  11  22  11  11  11  11  11  11  22  11  11  11  11  11  11  11  11  11  22  22  11  11
87  12  11  22  11  22  12  11  12  12  11  12  12  12  12  12  12  12  22  12  12  11  11  11  11  12  12  11  22  12  12  22  11  12  22  12  12  12  12  11  22  12  11  12  12  11  12  12  12  11  12  12  11  12  12  11  11  22  12  12  11  12  12  11  12  11  11  12  12  12  11  12  12  22  12  12  12  12  22  11  12  12  12  22  11  12  12  11  11  12  12  12  12  12  12  12  12  11  22  12  12  12  11  12  12  12  12  22  12  12  22  12  12  12  11  12  12  12  12  22  11  11  22  12  12  12  11  11  12  12  12  12  12  11  12  22  12  22  11  12  11  12  12  22  12  12  22  12  12  12  11  22  11  12  12  12  11  12  12  22  12  22  12  12  11  11  12  12  22  12  12  12  22  12  12  12  12  12  11  12  12  11  12  12  22  11  12  12  12  11  12  12  11  11  22  11  12  12  12  12  11
88  22  22  11  11  12  12  11  22  12  11  11  11  22  11  22  22  11  11  12  11  12  11  12  11  11  12  12  22  11  12  12  11  22  11  22  22  11  12  22  11  11  12  11  11  11  11  -1-1  11  11  11  22  11  22  22  11  11  11  11  11  22  11  11  11  22  11  11  12  12  11  -1-1  11  11  11  11  11  12  22  11  12  11  11  12  11  12  11  11  22  12  11  22  11  22  22  11  22  11  11  11  11  11  11  -1-1  12  11  12  12  11  22  11  12  11  11  11  22  22  11  11  22  11  11  11  22  12  11  11  11  11  11  11  11  11  11  11  11  12  11  11  12  12  11  11  12  11  11  11  11  12  22  22  12  -1-1  11  11  11  11  11  11  11  11  11  11  22  11  11  22  22  12  11  12  22  22  11  11  11  11  22  11  11  11  12  11  12  11  11  12  22  22  11  11  11  11  11  11  11  12  11  22  22  11  12
89  22  22  11  11  11  11  11  22  11  11  11  12  22  11  12  11  11  11  12  11  22  11  22  11  12  11  11  22  11  11  22  12  22  11  22  22  11  22  22  11  11  11  11  11  11  12  22  11  11  11  22  11  22  11  11  11  11  11  11  12  11  12  11  22  11  12  11  11  11  11  12  11  11  11  11  11  22  11  11  22  11  11  11  22  11  12  22  11  11  22  11  22  22  11  22  11  11  11  11  11  11  11  11  11  12  22  11  22  -1-1  11  12  11  12  22  22  11  11  22  11  12  11  22  22  11  11  11  11  11  11  11  11  11  11  11  11  11  12  11  11  11  11  11  11  11  11  11  22  22  11  12  11  11  11  11  12  11  11  11  11  11  11  22  22  11  22  22  11  12  22  22  22  11  11  11  22  22  11  11  11  22  11  11  11  11  11  11  22  11  11  11  11  11  11  12  11  11  22  12  11  11
90  12  12  12  11  12  22  11  22  12  12  12  22  11  11  12  -1-1  12  12  12  11  12  11  22  11  22  12  22  22  12  12  22  11  22  12  22  12  12  12  22  11  12  -1-1  22  12  11  12  22  22  11  11  11  12  11  22  11  11  11  22  12  12  22  12  11  11  11  11  11  12  12  11  11  11  11  12  22  12  22  12  12  12  12  11  12  12  22  12  12  11  11  12  22  12  12  11  12  22  11  11  12  12  12  12  22  22  12  11  12  11  12  12  12  11  22  12  11  12  12  22  12  11  11  22  12  12  12  11  11  12  12  12  11  11  11  12  12  12  22  11  12  11  12  12  12  12  12  12  12  22  22  12  12  11  22  11  12  11  11  12  12  11  12  11  11  11  12  12  12  12  12  12  22  12  11  12  12  12  12  11  22  12  11  12  22  12  11  22  12  12  12  11  11  11  12  12  12  11  12  12  11  12
91  22  22  11  11  11  11  12  12  11  12  11  11  22  12  22  11  11  11  11  11  22  11  22  11  11  11  12  22  12  12  22  12  22  11  22  12  12  12  12  11  12  12  11  12  11  12  22  11  11  11  22  11  22  11  11  11  12  12  11  22  11  12  11  22  11  11  11  12  12  11  12  12  22  11  11  12  22  11  11  22  12  12  11  12  11  11  22  11  12  12  12  22  22  -1-1  22  12  11  11  12  11  11  11  11  11  12  22  11  12  11  12  11  11  11  12  11  11  11  22  11  11  11  22  22  11  11  11  11  11  22  11  12  11  11  11  12  11  12  11  11  11  11  12  11  11  12  11  22  12  22  22  22  11  12  12  11  11  12  11  11  12  12  22  22  11  12  22  12  11  22  22  12  11  22  11  22  22  11  11  12  12  11  12  12  11  11  11  12  11  11  11  11  11  11  12  12  11  22  22  11  11
92  22  22  11  11  12  11  11  22  11  11  11  11  22  11  12  11  11  11  11  12  22  11  12  11  11  11  11  22  11  12  22  11  22  11  11  22  11  -1-1  22  12  -1-1  12  11  12  11  12  22  11  11  11  22  11  22  11  11  11  11  11  11  12  11  11  11  22  11  11  11  12  11  -1-1  11  11  -1-1  11  11  11  22  11  22  12  11  11  11  12  11  11  22  11  11  22  11  22  22  11  22  11  11  11  11  11  11  11  11  11  12  22  11  22  11  12  11  11  11  22  22  11  11  22  11  11  11  22  22  11  11  11  11  11  11  11  11  11  11  11  12  11  11  -1-1  11  11  11  12  11  11  11  11  22  12  22  12  12  11  11  12  11  11  12  11  11  11  12  22  22  11  22  22  12  22  22  22  22  11  11  11  22  22  11  11  11  12  11  12  11  11  12  11  22  11  11  12  11  11  11  11  11  11  22  22  11  11
93  22  12  11  11  11  11  11  22  11  12  12  11  22  11  22  11  11  11  11  11  12  11  22  11  11  11  11  22  11  11  -1-1  11  22  11  22  22  11  22  22  12  11  11  11  11  11  11  22  11  12  11  22  11  11  11  11  11  11  22  11  22  11  11  11  22  11  22  11  11  11  11  11  11  11  12  11  11  22  12  12  22  11  11  11  22  11  11  12  11  11  22  11  22  22  11  22  11  11  11  11  11  12  11  11  11  11  22  12  22  11  11  11  11  11  22  11  11  11  22  12  11  11  22  22  11  11  12  11  11  12  11  11  11  11  11  11  11  12  11  11  11  11  11  11  12  11  11  22  22  12  12  11  11  22  22  11  11  11  12  12  11  11  22  22  11  22  22  11  11  22  22  22  12  12  11  22  12  11  11  22  22  11  11  22  11  11  11  22  12  11  11  11  11  11  11  12  11  22  22  11  11
94  11  11  22  11  22  22  11  11  22  11  22  22  11  11  11  -1-1  22  22  22  22  11  22  11  11  22  22  22  22  22  22  22  22  11  22  11  11  22  11  11  22  22  22  22  22  11  22  11  22  11  11  11  22  11  22  11  11  22  -1-1  22  11  22  22  11  11  11  12  22  22  22  11  22  22  22  22  22  22  11  22  11  11  22  12  22  11  22  22  11  11  22  11  22  11  11  22  11  22  22  22  22  22  22  22  22  22  11  11  22  11  22  22  22  22  22  11  11  22  22  11  22  11  22  22  11  22  22  11  11  22  22  11  22  22  11  22  22  22  22  22  22  11  22  22  22  22  22  22  11  11  22  11  22  11  22  11  12  11  22  22  22  22  22  11  11  22  11  11  22  22  11  11  11  22  22  22  11  11  22  11  22  11  11  22  22  22  11  22  11  22  11  22  22  11  22  22  11  22  11  11  22  22
95  22  22  11  11  11  11  12  22  12  12  11  11  22  22  22  11  11  11  12  12  11  11  12  11  11  11  11  22  11  11  22  11  22  11  22  22  11  22  22  11  11  11  11  11  11  11  22  11  11  11  22  11  12  11  11  11  11  12  11  22  11  11  11  22  11  11  11  11  11  11  11  11  11  11  11  11  22  11  22  22  11  11  11  22  11  11  22  12  11  22  12  22  22  11  -1-1  11  11  11  11  11  11  11  11  11  11  22  11  22  11  11  11  11  11  12  12  11  11  22  11  11  11  22  22  11  11  11  11  11  11  11  11  11  11  12  11  11  11  11  11  11  11  11  11  11  11  11  22  22  22  12  11  11  12  22  11  11  12  11  11  -1-1  11  22  22  11  12  22  11  11  22  22  22  11  11  11  22  22  11  11  12  22  11  11  11  11  22  11  22  11  11  11  11  11  11  12  11  11  22  22  11  11
96  11  11  22  11  22  11  11  11  22  11  22  22  11  11  11  22  22  22  22  22  11  22  11  11  22  22  22  22  22  22  -1-1  22  11  22  11  11  22  11  11  22  22  22  22  22  11  22  11  22  11  11  12  22  11  22  11  11  22  22  22  11  22  12  11  11  11  22  22  22  22  11  22  22  22  22  22  22  11  22  11  11  22  11  22  11  22  22  11  11  22  11  12  11  12  22  11  22  11  22  22  22  22  22  22  22  11  11  22  11  22  22  22  22  22  11  12  22  22  11  22  11  22  22  11  12  22  11  11  22  22  11  22  22  11  22  22  22  22  22  22  11  22  22  22  12  22  22  11  12  22  11  22  11  22  11  22  11  22  12  22  22  22  11  11  22  11  11  22  22  11  11  11  22  22  22  11  11  12  -1-1  22  11  11  22  22  22  11  22  11  22  11  22  22  11  -1-1  22  11  22  11  11  22  22
97  11  22  11  11  12  12  11  22  12  12  11  11  12  11  22  11  11  11  12  12  22  12  12  11  11  12  12  22  22  12  22  11  22  11  22  12  12  22  12  11  12  11  12  12  11  11  22  11  11  11  22  11  12  11  11  11  22  12  11  22  12  12  11  12  11  11  12  11  12  11  12  11  11  11  11  12  22  11  12  22  12  11  12  22  12  11  22  11  22  12  12  22  22  22  12  11  11  11  12  12  22  11  11  12  12  22  11  22  12  11  11  11  12  12  12  11  12  12  11  11  12  22  12  11  12  11  11  11  12  11  11  11  11  12  12  12  11  11  22  11  11  12  11  11  12  11  11  12  22  12  -1-1  11  12  11  12  11  12  11  11  12  11  12  22  11  22  22  11  11  11  12  12  11  12  12  12  12  11  11  12  12  11  22  22  11  12  11  11  11  11  11  11  11  11  12  11  12  22  22  12  11
98  11  12  22  11  22  12  11  11  12  11  22  22  11  11  12  12  12  12  12  22  12  22  12  11  22  12  22  -1-1  22  22  22  12  11  22  11  11  22  12  11  22  22  22  22  22  11  12  11  12  11  11  11  22  11  12  11  11  22  12  22  12  22  22  -1-1  11  11  11  12  22  22  11  22  22  22  22  22  22  12  12  11  11  22  22  12  11  22  22  12  11  22  12  12  11  11  22  11  22  11  22  12  22  11  22  12  22  11  11  12  11  22  22  22  22  22  11  12  22  22  11  12  11  22  22  12  22  22  11  11  22  22  12  22  12  11  11  22  22  22  22  12  11  22  22  22  -1-1  22  22  12  12  22  12  22  11  12  11  12  11  12  22  12  11  22  11  12  22  12  11  22  12  12  11  11  12  22  22  12  11  22  11  12  11  11  22  12  22  12  12  11  22  11  22  22  11  22  12  11  22  11  11  22  12
99  22  12  11  11  11  11  12  22  11  12  11  12  22  11  22  11  12  12  11  11  22  11  12  11  12  11  11  22  11  11  22  11  12  11  22  22  11  22  12  11  11  11  11  11  11  11  22  11  11  11  22  11  12  11  11  11  11  12  11  -1-1  12  11  11  22  11  12  11  11  11  11  11  11  11  11  22  11  22  11  11  22  11  11  11  22  11  12  22  11  11  22  11  22  22  11  22  11  11  11  11  11  11  11  11  11  12  22  11  12  11  11  11  11  11  22  22  11  11  22  11  11  11  22  22  11  11  11  11  11  11  11  11  12  11  11  11  11  11  11  11  11  11  11  11  11  11  11  22  22  12  12  11  11  12  11  11  11  11  11  12  11  11  22  22  11  22  22  11  22  22  22  22  11  11  11  -1-1  22  12  11  12  22  11  11  12  11  11  11  22  11  11  11  11  11  11  11  11  11  22  22  11  11
100  11  11  22  11  -1-1  22  11  11  22  11  22  22  11  11  11  22  22  12  22  22  11  22  11  12  22  22  22  22  22  22  22  22  11  22  11  11  22  11  11  12  22  -1-1  22  22  11  22  11  22  11  11  11  22  11  22  11  11  22  22  22  11  22  12  11  11  11  11  22  22  22  11  22  22  22  22  22  22  11  22  11  11  22  22  22  11  22  22  11  11  12  11  22  11  11  22  11  22  22  22  22  22  22  22  22  22  11  11  22  11  22  22  22  22  22  11  11  22  22  11  22  11  22  22  11  22  22  11  11  22  22  11  22  22  11  22  22  22  22  22  22  11  22  22  22  22  22  22  11  12  22  11  22  11  22  11  22  11  22  22  22  22  22  11  11  22  11  11  22  22  11  11  11  22  22  22  11  11  22  11  22  11  11  22  22  22  11  22  11  22  11  12  22  11  22  22  11  22  11  11  12  22
101  22  12  11  11  11  11  12  12  11  12  11  12  12  11  12  11  22  12  11  12  12  11  22  11  12  12  11  22  11  12  22  12  12  11  12  22  11  12  22  12  11  22  12  12  11  12  12  11  11  11  22  22  12  12  11  11  -1-1  12  12  12  12  11  11  12  11  11  12  22  11  11  11  12  12  11  12  11  22  12  11  11  11  12  11  12  12  12  12  12  11  12  11  22  22  11  22  11  11  11  12  11  12  22  12  12  12  12  12  12  11  12  12  12  12  -1-1  22  12  11  22  12  11  11  22  12  11  11  11  11  22  12  12  12  11  11  11  12  11  11  22  11  11  11  12  11  11  11  11  22  22  22  12  12  11  12  11  12  11  12  11  12  12  12  12  12  11  22  11  12  22  22  22  22  11  12  12  11  22  11  11  12  12  11  12  12  11  11  12  22  12  11  12  22  11  -1-1  12  11  11  11  11  11  12
102  22  22  11  11  11  11  11  22  11  11  11  11  22  12  22  11  11  11  11  11  22  11  22  11  11  11  11  22  11  11  22  11  22  11  22  22  11  22  22  11  11  11  11  11  11  11  22  11  11  11  22  11  22  11  11  11  11  11  11  22  11  11  11  22  11  11  11  11  11  11  11  11  11  11  11  11  22  11  12  22  11  11  11  22  11  11  22  11  11  22  11  22  22  11  22  11  11  11  11  11  11  11  11  11  12  22  11  22  11  11  11  11  12  22  22  11  11  22  11  11  11  12  22  11  11  12  11  11  11  11  11  11  11  11  11  11  11  11  11  11  11  11  11  11  11  11  22  22  11  12  11  11  11  12  11  11  11  11  11  11  11  22  22  11  22  22  11  11  22  22  22  11  11  11  22  22  11  11  11  22  11  11  11  11  11  11  22  11  11  11  11  11  11  11  11  11  22  22  11  11
103  22  22  11  11  11  11  22  22  11  11  11  11  22  22  22  11  11  11  11  11  22  11  22  11  11  11  11  22  11  11  22  11  22  11  22  22  11  22  22  11  11  11  11  11  11  11  22  11  11  12  22  11  22  11  11  11  11  11  11  22  11  11  11  22  11  11  11  11  11  12  11  11  11  11  11  11  22  11  12  22  11  11  11  22  11  11  22  11  11  22  11  22  22  11  22  11  11  11  11  11  11  11  11  11  22  22  11  22  11  11  11  11  12  22  22  11  11  22  11  11  11  22  22  11  11  11  11  11  11  11  11  11  11  11  11  11  11  11  11  12  11  11  11  11  11  11  22  22  11  12  11  11  11  12  11  11  11  11  11  11  11  22  22  11  12  22  11  11  22  22  22  11  11  11  22  22  11  11  11  22  11  11  11  11  12  11  22  11  11  11  11  11  11  11  11  11  22  22  11  11
104  22  22  11  11  11  11  12  22  11  11  11  11  22  22  22  11  11  11  11  11  22  11  22  11  11  11  11  22  11  11  22  11  22  11  22  22  11  22  22  11  11  11  11  11  11  11  22  11  11  12  22  11  22  11  11  11  11  11  11  22  11  11  12  22  11  11  11  11  11  12  11  11  11  11  11  11  22  11  12  22  11  11  11  22  11  11  22  12  11  22  11  22  22  11  22  11  11  11  11  11  11  11  11  11  11  22  11  22  11  11  11  11  11  22  -1-1  11  11  22  11  11  11  22  22  11  11  12  11  11  11  11  11  11  11  11  11  11  11  11  11  11  11  11  11  11  11  11  22  22  11  22  11  11  11  12  11  11  11  11  11  11  11  22  22  11  22  22  11  11  22  22  22  11  11  11  22  22  11  11  11  22  11  11  11  11  11  11  22  11  11  11  11  11  11  11  11  11  22  22  11  11
105  11  11  22  11  12  12  11  11  22  11  22  22  11  11  11  22  22  22  22  22  11  22  11  12  22  22  22  22  22  22  22  22  11  22  12  11  22  11  11  22  22  22  22  22  11  22  11  22  12  11  12  22  11  22  11  11  22  22  22  11  22  22  11  11  11  22  22  22  22  11  22  22  22  22  22  22  11  22  11  11  22  12  22  11  22  22  11  11  22  11  22  11  11  22  11  22  22  22  22  22  22  22  22  22  11  11  22  11  22  22  22  22  22  11  11  22  22  11  22  11  22  22  11  22  22  11  11  22  22  12  22  12  11  22  12  22  22  22  22  11  22  22  22  22  22  22  11  11  22  11  12  11  22  11  22  11  22  22  22  22  12  11  11  22  11  11  22  22  11  11  11  22  22  22  11  11  22  11  22  11  11  22  22  22  11  22  11  22  11  22  22  11  22  22  11  22  11  11  12  22
106  22  22  11  11  11  11  12  22  11  11  11  11  22  12  22  11  11  11  11  11  22  11  22  11  11  11  11  22  11  11  22  11  22  11  22  22  11  22  22  11  -1-1  11  11  11  11  11  22  11  11  11  22  11  22  11  11  11  11  11  11  22  11  11  11  22  11  11  11  11  11  11  11  11  11  11  11  11  22  11  12  22  11  11  11  22  11  11  22  12  11  22  11  22  22  11  22  11  11  11  11  11  11  11  11  11  12  22  11  22  11  11  11  11  12  22  22  11  11  22  11  11  11  22  22  11  11  12  11  11  11  11  11  11  11  11  11  11  12  11  -1-1  11  11  -1-1  11  11  11  11  22  22  11  11  11  11  11  11  11  11  11  11  11  11  11  22  22  11  22  22  11  11  22  22  22  11  11  11  22  22  11  11  11  22  11  11  11  11  11  -1-1  22  11  11  11  11  11  11  11  11  11  22  22  11  11
107  22  22  11  11  11  11  22  22  11  11  11  11  22  12  22  11  11  -1-1  11  11  22  11  22  11  11  11  11  22  11  11  22  11  22  11  22  22  11  22  22  11  11  11  11  11  11  11  22  11  11  12  22  11  22  11  12  11  11  11  11  22  11  11  11  22  11  11  11  11  11  12  11  11  11  11  11  11  22  11  11  22  11  11  11  22  11  11  22  12  11  22  11  22  22  11  22  11  11  11  11  11  11  11  11  11  11  22  11  22  11  11  11  11  11  22  22  11  11  22  11  11  11  22  22  11  11  11  11  11  11  11  11  11  11  11  11  11  11  11  11  11  11  11  11  11  11  11  22  22  11  12  11  11  11  11  11  11  11  11  11  11  11  22  22  11  22  22  11  11  22  22  22  11  11  11  22  22  11  -1-1  11  22  11  11  11  11  12  11  22  11  11  11  11  11  11  11  11  11  22  22  11  11
108  22  22  11  11  11  11  11  22  11  11  11  11  22  22  22  11  11  11  11  11  22  11  22  11  11  11  11  22  11  11  11  11  22  11  22  22  11  22  22  11  11  11  11  11  11  11  22  11  11  22  22  11  22  11  11  11  11  11  11  22  11  11  12  22  11  11  11  11  11  11  11  11  11  11  11  11  22  11  11  22  11  11  11  22  11  11  22  11  11  22  11  22  22  11  22  11  11  11  11  11  11  11  11  11  12  22  11  22  11  11  11  11  11  22  22  11  11  22  11  11  11  22  22  11  11  11  11  11  11  11  11  11  11  11  11  11  12  11  11  11  11  11  11  11  11  11  22  22  11  22  11  11  11  12  11  11  11  11  11  11  11  22  22  11  22  22  11  12  22  22  22  11  11  11  22  22  11  11  11  22  11  11  11  11  11  11  22  11  11  11  11  11  11  11  11  11  22  22  11  11
109  12  12  11  11  12  11  11  22  11  11  11  11  22  11  12  11  11  12  12  11  22  22  22  11  11  12  11  22  22  12  22  11  12  11  22  11  22  12  22  12  22  12  11  11  11  12  -1-1  11  11  11  22  22  22  11  11  11  11  11  12  12  11  11  11  22  11  11  11  12  11  -1-1  12  11  11  11  11  22  22  11  12  22  11  11  11  12  11  11  22  22  11  22  11  22  22  11  12  11  11  11  11  12  12  22  11  11  12  22  11  22  11  12  11  22  11  12  22  11  22  22  11  11  11  22  12  11  22  11  11  22  12  12  11  11  11  11  12  22  11  12  12  11  11  12  11  11  22  11  12  22  22  12  22  11  11  11  12  11  11  11  12  11  12  22  22  11  12  11  12  22  12  12  11  11  12  11  22  22  11  11  11  22  11  12  11  11  11  11  11  11  11  11  11  11  22  12  22  11  11  11  11  11
110  11  11  22  11  22  12  11  11  22  11  22  12  12  11  11  22  12  22  22  22  12  22  11  12  12  22  22  22  22  22  22  12  11  22  11  11  22  11  11  22  22  22  12  22  11  22  11  12  12  12  11  12  11  22  11  11  22  22  22  11  12  22  11  12  11  22  22  22  22  11  12  22  22  22  12  22  11  12  11  11  22  22  22  11  12  11  12  11  22  11  22  11  11  22  11  12  12  22  22  22  12  12  22  12  11  12  12  11  22  22  22  22  12  11  11  22  22  11  12  11  22  22  11  22  22  12  11  12  22  11  22  22  11  22  22  22  22  22  22  11  22  22  22  22  22  22  11  12  22  12  22  11  22  11  12  11  22  22  12  22  22  12  11  22  12  12  22  22  11  11  11  11  22  12  11  11  22  11  22  11  11  22  22  22  11  22  11  22  11  22  12  11  11  12  11  22  12  12  22  22
111  22  22  11  11  11  11  11  22  11  12  11  11  22  11  22  11  11  11  11  11  22  11  12  11  11  11  11  22  11  11  22  11  22  11  22  22  11  22  22  11  11  11  11  11  11  11  22  11  12  11  22  11  12  11  11  11  11  12  11  22  11  11  11  22  11  11  11  11  11  11  11  11  11  11  11  11  22  11  11  22  11  11  11  22  11  11  22  12  11  22  11  22  22  11  22  11  11  11  11  11  11  11  11  11  22  22  11  22  11  11  11  11  11  22  12  11  11  22  11  11  11  22  22  11  11  12  11  11  11  11  11  11  11  11  11  11  12  11  11  11  11  11  11  11  11  11  22  22  22  22  11  11  12  11  11  11  11  11  11  11  11  22  22  11  22  22  11  11  22  22  22  11  11  11  22  22  11  -1-1  12  12  11  11  12  11  12  11  22  11  11  11  12  11  11  11  12  11  22  22  11  11
112  11  11  22  11  22  22  11  11  22  11  22  22  11  11  12  22  22  22  22  22  11  22  11  11  22  22  22  22  22  22  22  -1-1  11  22  11  11  22  11  11  22  22  22  22  22  11  11  11  22  11  11  11  22  11  22  11  11  22  22  22  22  22  22  11  11  11  11  22  22  22  11  22  22  22  22  22  22  11  22  11  11  22  11  22  11  22  22  11  11  12  11  22  11  11  22  11  22  12  22  22  22  22  22  22  22  11  11  22  11  22  22  22  22  22  11  11  22  22  11  22  11  22  22  11  22  22  11  11  22  22  12  22  22  11  22  22  22  12  22  22  11  22  22  22  22  22  22  11  11  22  11  22  11  22  11  22  11  22  22  22  22  22  11  11  22  11  11  22  22  11  11  11  22  22  22  11  11  22  11  22  11  11  22  22  22  11  22  11  22  11  22  22  11  22  22  11  22  11  11  12  22
113  22  22  11  11  11  11  11  22  11  11  11  11  22  22  22  11  12  12  11  11  12  11  22  11  11  11  11  22  11  11  22  11  22  11  22  22  11  22  22  11  11  11  11  11  11  11  22  11  11  11  22  12  22  11  11  11  11  11  11  22  12  12  12  11  11  11  11  11  11  11  11  11  -1-1  11  12  11  22  11  11  22  11  11  11  22  22  11  22  11  11  22  11  22  22  11  22  11  11  11  11  11  11  11  11  22  22  22  11  22  11  11  11  11  11  22  22  11  11  22  11  11  11  22  22  11  11  11  11  11  11  11  11  11  11  11  11  11  12  11  11  11  11  11  11  11  11  11  22  22  22  12  11  11  11  11  11  11  11  11  11  11  11  22  22  11  12  22  11  12  22  22  22  11  11  22  22  22  11  11  11  22  11  11  11  11  11  11  22  11  11  11  11  11  11  11  11  11  12  12  11  11
114  11  11  22  11  22  12  11  11  22  11  22  22  11  11  11  11  22  22  22  22  11  22  11  11  22  22  12  22  22  22  -1-1  22  11  22  11  11  22  11  11  22  22  22  22  22  11  22  11  22  11  11  11  22  11  22  11  11  22  22  22  11  22  22  11  11  11  12  22  22  22  11  22  22  22  22  22  22  11  22  11  11  22  12  22  11  22  22  11  11  22  11  22  11  11  22  11  12  22  22  22  22  22  22  22  22  11  11  22  11  22  22  22  22  22  11  11  22  22  11  22  11  22  22  11  22  22  11  11  22  22  12  22  22  11  22  22  22  22  22  12  11  22  22  22  22  22  22  11  11  22  11  22  11  22  11  22  11  22  22  22  22  22  11  11  22  11  11  22  22  11  11  11  22  22  22  11  11  22  11  22  11  11  22  22  22  11  22  11  22  11  22  22  11  22  22  11  22  11  11  22  22
115  12  12  12  11  12  12  11  12  12  11  12  12  12  12  12  12  12  11  12  12  11  11  12  11  12  12  12  22  12  12  22  11  12  22  12  12  12  12  12  12  12  12  12  12  11  12  12  11  11  11  12  22  12  12  11  11  12  12  12  12  12  22  11  12  11  11  12  12  12  11  12  12  12  12  12  12  22  12  11  12  12  12  11  12  12  12  12  11  12  12  12  12  12  12  22  12  12  12  12  12  12  12  22  12  11  11  12  12  12  12  22  12  12  12  12  12  12  12  12  11  11  22  12  12  12  12  11  12  12  11  12  12  11  12  12  12  12  12  12  11  12  12  12  11  12  12  12  12  22  12  12  11  12  11  12  11  12  12  12  12  12  12  12  12  12  12  12  12  12  12  12  12  12  12  11  12  12  11  12  12  11  12  11  12  11  12  12  12  11  12  12  11  22  12  11  12  11  11  -1-1  12
116  22  22  22  11  12  12  11  12  11  11  11  12  22  11  22  12  12  12  11  11  22  11  12  11  11  11  12  22  22  11  22  11  12  22  22  22  11  22  22  12  11  11  11  12  11  11  12  11  11  11  11  11  22  11  11  11  11  11  12  22  11  11  11  22  11  11  11  11  11  11  12  12  12  11  11  11  22  11  11  22  12  11  11  12  11  12  22  12  11  22  11  22  12  11  22  12  11  12  11  11  11  11  11  11  11  -1-1  12  22  12  12  11  12  12  22  12  11  11  22  11  11  12  22  22  12  11  11  11  11  11  11  12  11  11  11  12  11  22  -1-1  11  11  12  11  22  12  11  22  22  22  22  22  11  11  11  11  11  11  11  12  11  -1-1  11  22  12  11  22  22  12  22  22  22  22  11  11  11  22  22  11  11  11  12  11  11  11  22  12  12  22  12  11  11  12  11  11  11  12  12  22  12  11  11
117  22  22  11  11  11  11  12  22  11  11  11  11  22  12  22  11  11  11  11  11  22  11  22  11  11  11  11  22  11  11  22  11  22  11  22  22  11  22  22  11  11  11  11  11  11  11  22  11  11  11  22  11  22  11  11  11  11  11  11  22  11  11  12  22  11  11  11  11  11  22  11  11  11  11  11  11  22  11  12  22  11  11  11  22  11  11  22  12  11  22  11  22  22  11  22  11  11  11  11  11  11  11  11  11  12  22  11  22  11  11  11  11  12  22  22  11  11  22  11  11  11  22  22  11  11  12  11  11  11  11  11  11  11  11  11  11  11  11  11  11  11  11  11  11  11  11  22  22  11  12  11  11  11  12  11  11  11  11  11  11  11  22  22  11  22  22  11  11  22  22  22  11  11  11  22  22  11  -1-1  11  22  11  11  11  11  11  11  22  11  11  11  11  11  11  11  11  11  22  22  11  11
118  12  12  22  11  11  12  11  12  12  11  12  12  12  11  22  12  12  12  12  22  11  12  11  11  12  12  12  22  12  12  22  12  12  12  12  12  12  12  12  11  12  12  12  22  11  11  12  12  11  12  11  12  12  11  11  11  22  12  12  22  12  12  -1-1  12  11  11  12  12  12  11  12  12  12  12  11  12  12  12  11  12  12  11  12  12  12  12  12  11  22  12  12  12  12  22  22  12  22  12  12  12  12  11  12  12  12  11  12  12  22  12  12  12  12  12  11  12  12  12  22  11  12  22  12  12  22  11  11  12  12  11  12  12  11  12  12  12  12  12  11  11  12  12  12  11  12  12  22  12  22  12  12  11  12  12  22  11  12  12  12  11  12  12  12  12  12  12  12  12  12  11  22  12  11  12  12  11  12  11  12  12  11  12  12  12  11  22  12  11  11  11  12  11  12  22  12  12  12  12  12  12
119  22  22  11  11  11  11  12  12  11  11  11  11  22  11  12  11  11  11  11  11  22  11  12  11  11  11  11  22  -1-1  11  22  12  22  11  22  22  11  22  12  11  11  11  11  11  11  11  22  11  11  11  22  11  12  11  11  11  11  12  11  22  11  11  11  22  11  11  11  11  11  11  11  12  22  11  11  11  22  11  12  22  11  11  12  22  11  11  22  12  11  22  11  22  22  11  22  11  11  11  11  11  11  11  12  11  22  12  11  12  11  11  11  -1-1  11  22  22  11  11  22  11  11  11  22  22  11  11  11  11  11  11  11  12  11  11  11  11  11  11  11  11  11  11  11  11  11  11  11  22  22  12  12  12  11  12  11  12  11  11  11  11  11  12  22  22  -1-1  22  22  11  12  22  22  22  11  11  11  -1-1  22  11  11  12  22  11  11  12  11  11  11  22  11  11  11  11  11  11  12  11  11  22  22  11  11
120  12  22  11  11  12  11  11  22  12  11  11  11  22  11  22  11  11  11  11  11  22  11  22  11  11  11  11  22  12  11  22  11  22  11  22  12  12  22  22  11  22  11  11  11  11  11  22  11  11  11  22  11  22  12  11  11  12  11  11  22  11  12  11  22  11  11  11  11  12  11  11  11  11  11  11  12  22  11  22  12  11  11  11  22  11  11  22  11  12  12  11  22  22  12  12  11  11  11  22  12  12  11  11  11  12  22  11  22  11  11  12  11  11  22  22  12  12  22  11  11  11  22  22  11  22  12  11  11  11  11  11  12  11  12  12  12  11  11  12  11  11  11  11  11  12  11  12  22  12  22  11  11  11  12  11  11  11  11  11  11  11  22  22  11  22  22  11  11  12  22  12  11  11  11  22  22  12  11  11  22  11  11  11  11  12  11  12  12  11  11  11  11  11  11  11  11  22  22  11  11
121  22  22  11  11  11  11  22  22  11  11  11  11  22  22  22  11  -1-1  11  11  11  -1-1  11  22  11  11  11  11  22  11  11  11  11  22  11  22  22  11  22  22  11  11  11  11  11  11  11  22  11  11  22  22  11  22  11  11  11  11  11  11  22  11  11  12  22  11  11  11  11  11  11  11  11  11  11  11  11  22  11  11  22  11  11  11  22  11  11  22  11  11  22  11  22  22  11  22  11  11  11  11  11  11  11  11  11  12  22  11  22  11  11  11  11  11  22  22  11  11  22  11  11  11  22  22  11  11  22  11  11  11  11  11  11  11  11  11  11  22  11  11  11  11  11  11  11  11  11  22  22  11  22  11  11  11  12  11  11  11  11  11  11  11  22  22  11  22  22  11  11  22  22  22  11  11  11  22  22  11  11  11  22  11  11  11  11  11  11  22  11  11  11  11  11  11  11  11  11  22  22  11  11
122  11  11  22  11  22  12  11  11  22  11  22  22  11  11  11  22  22  22  22  22  11  22  11  12  22  22  22  22  22  22  22  22  11  22  11  11  22  11  11  22  22  22  22  22  11  22  11  22  11  11  11  22  11  22  11  11  22  -1-1  22  11  22  22  -1-1  11  11  12  22  22  22  11  22  22  22  22  22  22  11  22  11  11  22  12  22  11  22  22  11  11  22  11  22  11  11  22  11  22  22  22  22  22  22  22  22  22  11  11  22  11  22  22  22  22  22  11  11  22  22  11  22  11  22  22  11  22  22  11  11  22  22  11  22  22  11  22  22  22  22  22  22  11  22  22  22  22  22  22  11  11  22  11  22  11  22  11  22  11  22  22  22  22  22  11  11  22  11  11  22  22  11  11  11  22  22  22  11  11  22  11  22  11  11  22  22  22  11  22  11  22  11  22  22  11  22  22  12  22  11  11  22  22
123  22  22  11  11  11  11  12  22  11  11  11  11  22  11  22  11  11  12  11  11  22  11  22  11  11  11  12  22  11  11  22  12  22  -1-1  22  22  11  22  22  11  11  11  11  11  11  11  22  11  11  11  12  11  22  11  11  11  11  11  11  22  12  11  11  12  11  11  12  11  11  11  11  11  11  11  12  11  12  11  11  22  12  11  11  22  12  11  22  11  11  22  11  22  22  11  22  12  11  11  11  11  12  12  11  12  22  22  11  22  12  11  -1-1  11  12  12  22  11  11  22  11  11  11  22  12  11  11  11  11  12  11  11  11  11  11  11  11  11  11  11  12  11  11  11  11  11  11  11  22  22  22  22  11  11  11  12  12  11  11  11  11  11  11  22  22  11  22  12  11  11  12  22  22  11  11  12  12  22  11  11  11  22  11  11  11  11  12  11  22  11  11  11  11  11  11  12  22  11  22  22  11  12
124  22  22  12  11  11  11  11  22  11  22  12  12  22  11  22  11  11  11  11  11  22  11  22  11  12  11  11  22  -1-1  11  22  11  22  12  22  22  11  22  22  11  11  11  11  11  11  11  12  11  11  11  22  12  12  11  11  11  -1-1  12  12  22  11  11  11  22  11  11  11  11  11  11  12  11  11  12  -1-1  11  22  11  12  11  11  -1-1  11  22  11  12  22  12  11  22  11  12  12  11  22  11  11  12  11  11  11  11  11  11  12  -1-1  11  12  11  11  12  22  11  22  11  12  11  22  11  11  11  22  22  12  -1-1  22  11  11  12  11  11  11  11  11  11  11  12  -1-1  11  11  12  11  12  12  11  12  22  22  12  11  11  11  12  11  11  11  11  12  11  -1-1  11  22  22  11  22  22  11  11  22  -1-1  -1-1  11  -1-1  11  22  12  11  -1-1  12  22  11  11  12  12  11  11  22  12  11  11  -1-1  11  12  11  12  11  11  -1-1  11  11
125  11  11  22  11  22  12  11  11  22  11  22  22  11  11  11  22  22  22  22  22  11  22  11  12  22  22  22  22  22  22  -1-1  22  11  22  11  11  22  11  11  22  22  22  22  22  11  22  11  22  11  11  11  22  11  22  11  11  22  22  22  11  22  22  11  11  11  12  22  22  22  11  22  22  22  22  22  22  12  22  11  11  22  12  22  11  22  22  11  11  22  11  22  11  11  22  11  22  22  22  22  22  22  22  22  22  11  11  22  11  22  22  22  22  22  11  11  22  22  11  22  11  22  22  11  22  22  11  11  22  22  12  22  22  11  22  22  22  22  22  22  11  22  22  22  22  22  22  11  11  22  11  22  11  22  11  22  11  22  22  22  22  22  11  11  22  11  11  22  12  11  11  11  22  22  22  11  11  22  11  22  11  11  22  22  22  11  22  11  22  11  22  22  11  22  22  11  22  11  11  22  22
126  11  11  22  11  22  22  11  11  22  11  22  22  11  11  11  22  22  22  22  22  11  22  11  12  22  22  22  22  22  22  22  22  11  22  11  11  22  11  11  22  22  22  22  12  11  22  11  22  11  11  11  12  11  22  11  11  22  -1-1  22  11  22  12  11  11  11  11  22  22  22  11  12  22  22  22  22  22  11  22  11  11  22  12  22  11  22  22  11  11  22  11  22  11  11  22  11  -1-1  22  22  22  22  22  12  22  22  11  11  22  11  22  22  22  22  22  12  11  22  22  11  22  11  22  22  11  22  22  11  11  22  22  11  22  22  11  22  22  22  22  22  22  11  22  22  22  22  22  22  11  11  22  11  22  11  22  11  22  11  22  22  22  22  22  11  11  22  11  11  22  22  11  11  11  22  22  22  11  11  22  11  22  11  11  22  22  22  11  22  11  22  11  22  22  11  12  22  11  -1-1  12  12  22  22
127  22  22  11  11  11  11  22  22  11  11  11  11  22  12  22  11  11  11  11  11  22  11  22  11  11  11  11  22  11  11  22  11  22  11  22  22  11  22  22  11  11  11  11  11  11  11  22  11  11  11  22  11  22  11  11  11  11  11  11  22  11  11  11  22  11  11  11  11  11  12  11  11  11  11  11  11  22  11  12  22  11  11  11  22  11  11  22  11  11  22  11  22  22  11  22  11  11  11  11  11  11  11  11  11  22  22  11  22  11  11  11  11  12  22  22  11  11  22  11  11  11  22  22  11  11  11  11  11  11  11  11  11  11  11  11  11  11  11  11  11  11  11  11  11  11  11  22  22  11  22  11  11  11  22  11  11  11  11  11  11  11  22  22  11  22  22  11  11  22  22  22  11  11  11  22  22  11  11  11  22  11  11  11  11  12  -1-1  22  11  11  11  11  11  11  11  11  11  22  22  11  11